43464.ST;STOCKWIK FORVALTNING;STAY LONG;0.033;0.034;0.033;0.033;-2.94;738,756
43720.ST;MYCRONIC;STAY LONG;75;76;74.5;75;0.33;299,313
43825.ST;I.A.R SYSTEMS GROUP;STAY SHORT;170;170.5;169;170;0;7,83
47307.ST;NORDIC LEISURE;SELL;13.7;13.7;12.85;13.55;-1.09;262,745
66669.ST;ALLTELE;STAY LONG;17.6;18;17.6;17.9;2.29;3,955
A1M.ST;A1M;STAY LONG;10.5;10.85;10;10.35;3.5;20,207
A1M-TO.ST;A1M PHARMA SUBSCR OPT;STAY SHORT;0.04;0.056;0.04;0.046;21.05;335,846
AAC.ST;AAC MICROTEC;STAY LONG;5.2;5.5;5.05;5.4;6.93;362,917
AAC-TO1.ST;AAC MICROTEC SUBSCR OPT;STAY IN CASH;0.256;0.325;0.256;0.3;6.38;101,976
AAK.ST;AARHUSKARLSHAMN;STAY SHORT;585;587;579.5;579.5;-0.69;23,992
AAP-B.ST;ARC AROMA;STAY LONG;87.25;88.5;85.25;87.25;1.75;11,408
ABB.ST;ABB LTD N;STAY LONG;185.1;186.9;184.7;186.1;1.36;1,065,681
ABIGR.NGM;ABELCO INVESTMENT GROUP;STAY SHORT;0.28;0.285;0.272;0.28;-1.06;783,63
ACAD.ST;ACADEMEDIA;STAY LONG;55.75;56.25;55.25;55.5;-0.45;57,087
ACAN-B.ST;ACANDO;STAY LONG;27.4;28;27.3;27.7;1.47;156,42
ACARIX.ST;ACARIX;STAY SHORT;19.9;19.9;18.1;18.9;1.61;6,036
ACM.ST;A CITY MEDIA;STAY IN CASH;88.5;88.5;86.5;86.75;-1.14;3,195
ACTI.ST;ACTIVE BIOTECH;STAY IN CASH;4.3;4.36;4.24;4.36;2.35;46,059
ADDERA.ST;ADDERACARE;STAY SHORT;12.65;12.95;12.65;12.95;1.17;77
ADDT-B.ST;ADDTECH B;STAY LONG;153;153;150;152;-2.25;176,347
ADDV-B.ST;ADDVISE GROUP;STAY LONG;1.89;1.89;1.79;1.84;3.95;1,589,709
ADVE.ST;ADVENICA;BUY;14.6;14.9;14.6;14.9;1.02;2,329
AERO.ST;SVENSKA AEROGEL HOLDING;STAY SHORT;9.7;9.7;9.4;9.5;1.06;16,635
AF-B.ST;AF B;STAY LONG;174;177.6;173.5;176;1.5;53,747
AGES-B.ST;AGES INDUSTRI;STAY LONG;110.75;114;110.75;113;1.35;2,788
AGORA-PREF.ST;AGORA PREF PRF;SHORT;265;265;264.5;264.5;-0.19;500
AGRO.ST;AGROMINO;STAY LONG;22.6;22.6;21.5;22.3;-1.33;47,216
AHSL.ST;AHLSELL;BUY;55.25;55.95;55.25;55.75;0.36;248,772
AIK-B.NGM;AIK FOTBALL B;STAY SHORT;1.85;1.92;1.85;1.92;1.05;183
AINO.ST;AINO HEALTH;STAY SHORT;11.55;11.85;10.8;11.6;0.43;4,15
AKEL-PREF.ST;AKELIUS RESIDENTIAL PREF PRF;BUY;328;330.5;328;328.5;0.15;38,021
ALCA.ST;ALCADON GROUP;STAY LONG;39;39;38.5;39;1.3;4,819
ALELIO.ST;ALELION ENERGY SYSTEMS;BUY;10.1;10.2;9.95;10.15;0;13,287
ALELIO-TO-1.ST;ALELION ENERGY SYSTEMS SUBSCR OPT;STAY LONG;0.82;0.9;0.815;0.9;0;77,484
ALFA.ST;ALFA LAVAL;STAY LONG;180.1;184.1;180.1;182.9;1.61;1,261,474
ALIF-B.ST;ADDLIFE;STAY IN CASH;173;174.5;170;170;0;739
ALIG.ST;ALIMAK GROUP;STAY SHORT;136.25;138.25;136;137;-0.36;19,791
ALIRA-B.ST;ALIGERA;STAY LONG;2.8;2.9;2.8;2.9;0;1,25
ALIV-SDB.ST;AUTOLIV SDR;STAY SHORT;865.5;875;862;872.5;1.34;422,906
ALLG-B.ST;ALLGON B;STAY IN CASH;11;11;10.6;10.7;-2.73;33,091
ALM-PREF.ST;ALM PRF;STAY IN CASH;110.5;110.5;109.5;110;-0.23;2,42
ALON-B.NGM;ARCHELON;STAY LONG;0.19;0.2;0.185;0.2;5.26;102,155
AM1S.ST;AHLSTROM-MUNKSJO;STAY LONG;175.4;180.2;173.1;177.9;3.61;9,6
AMAST.ST;AMSTEN HOLDING B;STAY LONG;3.47;3.53;3.46;3.5;0.86;358,571
AMAST-PREF.ST;AMASTEN HOLDING PREF SHS;STAY IN CASH;305.5;305.5;305;305.5;1.16;203
AMBEA.ST;AMBEA;STAY SHORT;87.75;88.5;87.75;88;0.28;37,704
ANNX.ST;ANNEXIN PHARMACEUTICALS;STAY SHORT;7.4;7.4;7;7.2;3.6;971
ANOD-B.ST;ADDNODE GROUP;STAY LONG;78;79.5;75.5;75.5;-1.63;6,061
ANOT.ST;ANOTO GROUP;STAY LONG;0.36;0.366;0.335;0.339;-4.51;73,531,330
AOI.ST;AFRICA OIL;STAY LONG;11.2;11.2;10.75;10.8;-2.35;1,190,079
AQ.ST;AROS QUALITY;STAY LONG;210;215;207;215;2.38;10,686
ARCM.ST;ARCAM;STAY LONG;340;340;334;340;0;120
ARCOMA.ST;ARCOMA;STAY LONG;7.3;7.3;7.05;7.25;-1.36;1,579
ARCT.ST;ARCTIC GOLD;STAY IN CASH;0.4;0.403;0.4;0.402;0.75;902
ARISE.ST;ARISE AB;SELL;14.75;14.8;14.3;14.6;-1.35;28,283
AROC.ST;AROCELL;STAY IN CASH;5.7;5.7;5.45;5.45;-1.8;8,21
ARP.ST;ARCTIC PAPER;STAY LONG;10.45;10.65;10.4;10.45;0;7,769
ASSA-B.ST;ASSA ABLOY B;BUY;172;174.4;172;174;1.28;3,397,622
ATCO-A.ST;ATLAS COPCO A;STAY IN CASH;313.6;314.4;311.7;314;0.83;2,414,384
ATCO-B.ST;ATLAS COPCO B;STAY IN CASH;285.4;287.4;284.1;284.8;0.42;1,734,833
ATIC.ST;ACTIC GROUP;STAY SHORT;41.2;41.6;41;41;-0.24;3,193
ATORX.ST;ALLIGATOR BIOSCIENCE;BUY;26.6;27.6;26.5;27;1.5;13,206
ATRLJ-B.ST;ATRIUM LJUNGBERG B;BUY;140.5;143.5;140.3;141.9;0.5;15,003
ATT.ST;ATTENDO;STAY IN CASH;98;99.1;96.8;98.5;0.61;97,802
AUR.ST;AURIANT MINING;STAY SHORT;2.42;2.45;2.4;2.42;0.83;106,976
AUTO.ST;VA AUTOMOTIVE;STAY IN CASH;2.03;2.03;1.93;2.01;2.03;215,635
AVEG-B.ST;AVEGA GROUP ser. B;STAY LONG;28.5;29.6;28.5;29.1;2.46;35,786
AVEN.ST;AVENSIA;STAY LONG;8.7;8.8;8.4;8.8;0;14,843
AVT-B.ST;AVTECH SWEDEN;STAY LONG;4.19;4.2;4;4.05;-2.41;9,119
AXFO.ST;AXFOOD;STAY IN CASH;140.8;141.9;140.5;140.8;0.14;326,201
AXIC-A.ST;AXICHEM A;STAY LONG;12.8;12.9;12.8;12.9;0.78;3,163
AXIS.ST;AXIS;STAY IN CASH;348;348;339.5;339.6;-0.99;628
AZA.ST;AVANZA BANK HOLDING;STAY LONG;333.3;335.1;332.1;332.5;-0.06;19,142
AZN.ST;ASTRAZENECA;STAY LONG;472.3;483;471.5;481.6;2.01;666,265
B3IT.ST;B3IT MANAGEMENT;STAY LONG;82.5;82.5;79.25;81.25;-0.61;3,111
BACTI-B.ST;BACTIGUARD HOLD;STAY LONG;22.1;22.1;21.1;21.7;-2.69;10,62
BALD-B.ST;FASTIGHETS BALDER B;STAY LONG;210;210.2;208.1;208.6;-0.33;130,007
BALD-PREF.ST;FASTIGHETS AB BALDER PRF;STAY LONG;349;349.6;348.5;348.6;0.03;51,403
BAYN.ST;BAYN EUROPE;BUY;2.2;2.3;2.14;2.24;5.66;129,134
BEGR.ST;BE GROUP;STAY LONG;52.75;53.75;52.5;52.5;-0.47;34,923
BEIA-B.ST;BEIJER ALMA B;STAY IN CASH;235;239;235;238;1.49;1,856
BEIJ-B.ST;BEIJER REF AB;STAY LONG;254;260;252.5;254.5;1.6;3,905
BELE.ST;BEIJER ELECTRONICS GROUP;STAY SHORT;38.9;39;38;38.5;2.12;10,49
BERG-B.ST;BERGMAN & BEVING;BUY;93.5;97.75;93.5;96.25;2.67;94,548
BESQ.ST;BESQAB PROJEKT & FASTIGHETER;STAY SHORT;140;143.5;139.25;142;1.43;4,933
BETS-B.ST;BETSSON B;STAY LONG;74.7;75.1;74.3;74.7;0.67;312,154
BILI-A.ST;BILIA A;STAY LONG;83.25;85.5;83.25;84.25;1.81;287,602
BILL.ST;BILLERUD KORSNAS;STAY LONG;132.9;133.3;130.2;130.7;-1.36;683,411
BIM.ST;BIMOBJECT;STAY LONG;30.3;30.5;29;29.9;-0.33;25,398
BINV.ST;BIOINVENT INTERNATIONAL;STAY LONG;2.35;2.41;2.34;2.39;0;341,91
BIOG-B.ST;BIOGAIA B;BUY;305;309.5;304;309;2.32;11,046
BIOS.ST;BIOSERVO TECHNOLOGIES;STAY LONG;14.5;15.5;14.5;15.1;3.07;3,803
BIOT.ST;BIOTAGE;STAY SHORT;59;59.25;57.25;57.75;-2.12;86,471
BIOVIC-B.ST;BIOVICA INTERNATIONAL;STAY LONG;11;12.5;11;12;9.59;49,396
BMAX.ST;BYGGMAX GROUP;BUY;66.25;67.5;66;67.25;1.13;108,581
BOL.ST;BOLIDEN;STAY LONG;279.9;282.5;279.5;282.4;1.58;1,631,045
BONAV-A.ST;BONAVA A;STAY SHORT;127.5;128.8;127.4;128.5;-0.62;2,576
BONAV-B.ST;BONAVA B;STAY SHORT;128;129.5;127.7;128.4;-0.93;90,255
BONG.ST;BONG;STAY LONG;1.04;1.05;1.01;1.05;0.96;52,033
BOOZT.ST;BOOZT;BUY;74.75;76.5;74;75.75;1.68;63,539
BORG.ST;BJORN BORG;STAY IN CASH;31.8;31.9;31.2;31.6;0.32;5,914
BOUL.ST;BOULE DIAGNOSTICS;STAY LONG;284;284;269;271.5;-3.38;13,06
BRAV.ST;BRAVIDA HOLDING;BUY;58.95;59.95;58.9;59.95;2.22;213,947
BRE2.ST;BREDBAND2 I SKANDINAVIEN;STAY IN CASH;0.975;0.975;0.955;0.965;-1.03;583,809
BRG-B.ST;BERGS TIMBER B;BUY;2.63;2.7;2.63;2.7;3.05;146,911
BRIG.ST;BRIGHTER AB;STAY IN CASH;5.8;5.8;5.6;5.6;-1.75;177,332
BRIG-TO3.ST;BRIGHTER SUBSCR OPT;STAY LONG;2.63;3;2.45;2.6;0;52,776
BRIN-B.ST;BRINOVA FASTIGHETER;STAY LONG;12.7;12.95;12.65;12.95;-0.38;1,733
BRIOX.NGM;BRIOX;STAY LONG;2.47;2.6;2.47;2.57;0.78;89,147
BTS-B.ST;BTS GROUP B;STAY IN CASH;89;89.75;87.5;89;-0.28;6,562
BUFAB.ST;BUFAB;SELL;95;95.5;93;93;-1.33;45,892
BULTEN.ST;BULTEN;STAY LONG;123.5;125.25;123;123;0.82;12,78
BURE.ST;BURE EQUITY;STAY LONG;96.5;97.5;95.75;96.5;0.26;52,042
BUSER.ST;BAMBUSER;SHORT;3.96;3.96;3.92;3.92;-1.01;13,9
BWL.ST;BRINGWELL;STAY IN CASH;1.06;1.15;1.06;1.06;0;46,547
BYGGP.ST;BYGGPARTNER I DALARNA HOLDING;STAY SHORT;32.5;32.9;32.2;32.6;0.31;5,621
CAMX.ST;CAMURUS;STAY SHORT;120;120;117.5;119.5;-0.42;16,258
CANTA.ST;CANTARGIA;STAY LONG;6.5;6.6;6.2;6.25;-1.57;32,502
CAPAC.ST;CAPACENT HOLDING;STAY SHORT;31.8;31.8;31.3;31.3;-1.26;5,052
CAPIO.ST;CAPIO;STAY LONG;44.8;44.9;44.6;44.7;0;131,282
CASO.ST;CASSANDRA OIL;STAY IN CASH;0.825;0.84;0.8;0.84;1.82;182,76
CAST.ST;CASTELLUM;BUY;124.2;125.4;124.2;125.1;0.56;719,951
CAT-A.ST;CATELLA A;STAY LONG;25.5;26.2;25.5;26;1.96;2,823
CAT-B.ST;CATELLA B;STAY SHORT;20;20.1;19.8;20;0;106,964
CATE.ST;CATENA;STAY LONG;146;149.75;145.75;149.25;4.37;37,364
CBA.ST;CYBAERO;STAY IN CASH;0.9;0.9;0.88;0.88;0;12,254
CBTT-B.ST;CHRISTIAN BERNER TECH TRADE;BUY;17.8;18;17.8;18;1.69;7,778
CCC.ST;CAVOTEC;SHORT;28.3;28.5;27.8;28;-2.78;36,96
CCOR-B.ST;CONCORDIA MARITIME B;STAY LONG;13;13;12.8;12.95;0;6,229
CE.ST;CORTUS ENERGY;STAY SHORT;1.04;1.05;1;1.05;0.96;626,559
CELLNK-B.ST;CELLINK;STAY LONG;92.75;92.75;89;92.75;-1.33;565
CEVI.ST;CELLAVISION;STAY LONG;164.5;169;164;165;1.54;88,846
CFISH.ST;CRUNCHFISH;STAY SHORT;9.75;9.9;9.55;9.75;2.63;2,58
CHRO.ST;CHROMOGENICS;STAY LONG;5;5;4.95;5;0;6,14
CI-B.ST;CELL IMPACT B;STAY SHORT;11.95;12.4;11.85;12.4;3.77;8,518
CINN.ST;CINNO FIN TECH;BUY;84.25;85.75;84;85.5;3.64;29,722
CLA-B.ST;CLOETTA B;STAY LONG;30.2;30.3;29.5;29.8;-1;483,033
CLAS-B.ST;CLAS OHLSON B;STAY SHORT;158;160;158;159;0.63;46,889
CLAV.ST;CLAVISTER HOLDING;STAY IN CASH;19.8;20.4;19;19;-4.52;66,181
CLBIO.ST;CORLINE BIOMED;STAY LONG;10;10;9.8;9.95;0;1,579
CLDRE-B.NGM;CLOUDREPUBLIC;STAY SHORT;9.9;9.9;9.25;9.25;-5.61;6,187
CLEANT-A.ST;CLEANTECH INVEST;STAY SHORT;25.6;26.3;25.6;25.8;1.18;2,843
CLEM.ST;CLEMENDO GROUP;STAY SHORT;2.07;2.28;2.07;2.12;-7.83;71,831
CLEMO.ST;CLEAN MOTION;STAY SHORT;10.1;10.1;8.5;8.6;-14.43;90,619
CLS-B.ST;CLINICAL LASERTHERMIA SYSTEMS B;STAY LONG;10.9;11.8;10.85;11.4;6.54;60,579
CLX.ST;CLX COMMUNICATIONS;STAY LONG;107;113;104.25;109.25;3.8;39,725
CMOTEC-B.ST;SCANDINAVIAN CHEMOTECH;BUY;49.4;52;48.2;50.5;4.99;4,185
COGS.ST;COGNOSEC;BUY;0.42;0.46;0.42;0.45;4.65;350,288
COIC.ST;CONCENTRIC;STAY LONG;122;126;122;124.75;1.63;17,309
COLL.ST;COLLECTOR;STAY SHORT;90.5;91.05;90;90.4;-0.06;14,599
COMH.ST;COM HEM HOLDING;STAY LONG;117;120.6;115.6;120.2;1.52;382,987
COMPI.NGM;COMPUTER INNOVATION I VAXJO;BUY;0.243;0.244;0.243;0.244;0.41;20,7
CONS-B.ST;CONSILIUM B;STAY SHORT;64.5;64.75;63.25;64;-0.78;5,034
COOR.ST;COOR SERVICE MANAGEMENT;STAY LONG;55;57.75;55;57.5;1.77;15,527
COPP-B.ST;COPPERSTONE RESOURCE;STAY IN CASH;2.02;2.1;1.98;2.04;3.03;2,686,017
CORE.ST;COREM PROPERTY GROUP;STAY IN CASH;47;47.1;46.7;47.1;0.21;2,052
CORE-PREF.ST;COREM PROPERTY GROUP PRF;STAY LONG;149.75;150.5;149.5;149.75;0.17;103,584
CRAD-B.ST;C-RAD B;STAY LONG;36;38.6;35.9;38.3;6.69;528,972
CRED-A.ST;CREADES A;STAY LONG;275;281;275;280.5;3.13;2,31
CRWN;CROWN ENERGY;BUY;4.69;4.94;4.68;4.94;14.88;109,857
CTM.ST;CATENA MEDIA;STAY LONG;88.75;93.5;88.75;93.25;4.19;99,862
CTT.ST;CTT SYSTEMS;STAY LONG;138.5;142.25;138;139.75;0.9;9,136
CYXO.ST;CYXONE;STAY SHORT;6.9;7;6.8;7;1.45;40,938
DCAR-B.ST;D CARNEGIE & CO B;STAY SHORT;111.75;113.25;111.75;112.75;0.22;29,466
DDM.ST;DDM HOLDING;STAY IN CASH;47.6;49;47.5;49;1.03;11,904
DEDI.ST;DEDICARE AB;STAY LONG;136.75;138;135.25;136.5;0;5,779
DEFL-B.ST;DEFLAMO B;STAY SHORT;0.451;0.489;0.431;0.452;0.44;75,244
DELARK.ST;DELARKA HOLDING;STAY LONG;113.75;114.75;113.75;114;0;11,039
DIAH.ST;DIADROM HOLDING;STAY LONG;16.3;16.9;16;16.5;0.61;7,455
DIGN.ST;DIGNITANA;STAY IN CASH;14;14.4;13;14.05;0.36;25,153
DIOS.ST;DIOS FASTIGHETER;STAY LONG;48.8;48.8;48.4;48.5;-0.21;157,407
DIST.ST;DISTIT;STAY SHORT;50;51;48.3;51;0;5,614
DIVI-B.NGM;DIVIDEND SWEDEN;STAY SHORT;0.45;0.464;0.448;0.45;0.45;161,388
DMYD-B.ST;DIAMYD MEDICAL B;STAY LONG;3;3;2.94;2.95;-1.67;29,885
DOM.ST;DOMETIC GROUP;STAY LONG;66.8;68.85;66.45;68.5;3.63;1,314,994
DOME.ST;DOME ENERGY;STAY LONG;0.54;0.57;0.53;0.55;3.77;4,147,058
DORO.ST;DORO;STAY LONG;49.8;50;49;49.7;0.2;22,384
DOXA.ST;DOXA;STAY LONG;2.95;3;2.72;2.85;5.56;110,388
DRIL.ST;DRILLCON;STAY LONG;6.55;6.7;6.35;6.7;1.52;56,202
DUNI.ST;DUNI;STAY IN CASH;121;122;121;122;0.83;32,492
DURC-B.ST;DUROC B;STAY SHORT;27.3;27.3;26.6;27;-1.1;4,608
DUST.ST;DUSTIN GROUP;STAY LONG;66.75;66.75;66;66.5;-0.37;142,529
EAST.ST;EASTNINE;STAY LONG;67;67.25;66.75;67;0;54,972
EDGE.ST;EDGEWARE;STAY LONG;36.2;36.2;35.5;36;0;8,278
EFFP.ST;EFFNETPLATTFORMEN;STAY IN CASH;14.8;15.5;14.8;15.4;0;207
EKTA-B.ST;ELEKTA B;STAY LONG;82.25;84.05;82.25;83.35;1.34;1,589,338
ELAN-B.ST;ELANDERS B;STAY IN CASH;97.5;99;96.75;97;-2.02;5,311
ELEC.ST;ELECTRA GRUPPEN;STAY LONG;61.75;61.75;60;60;-1.64;1,244
ELN.ST;ELLEN;STAY SHORT;0.199;0.199;0.18;0.193;2.12;16,65
ELOS-B.ST;ELOS MEDTECH;STAY LONG;86.5;88;86.5;86.5;0.29;2,483
ELTEL.ST;ELTEL;STAY LONG;24.1;26.2;24;25.5;7.14;715,184
ELUX-A.ST;ELECTROLUX A;STAY LONG;295.4;303;295.4;303;1.54;132
ELUX-B.ST;ELECTROLUX B;STAY LONG;290.2;292.4;288.7;290.5;0.55;565,129
ENDO.ST;ENDOMINES;STAY SHORT;16.4;16.6;16.2;16.6;1.84;10,89
ENEA.ST;ENEA;BUY;73.5;74;72.5;74;0.68;3,083
ENERS.ST;ENERSIZE;STAY LONG;7.1;7.2;6.9;7.15;0.7;45,808
ENG.ST;INTERNATIONELLA ENGELSKA SKOLAN I SV;STAY IN CASH;69.75;70.5;69.5;70;0.36;7,131
ENQ.ST;ENQUEST;STAY SHORT;2.73;2.73;2.372;2.56;-3.69;7,822,350
ENRO.ST;ENIRO;STAY LONG;0.3075;0.3598;0.3075;0.329;11.53;56,718,380
ENRO-PREF.ST;ENIRO PRF;STAY IN CASH;189.1;202;189;198;6.17;3,511
ENZY.ST;ENZYMATICA;STAY LONG;2.89;2.89;2.88;2.88;-0.35;5,96
EOID.NGM;EYEONID GROUP;STAY LONG;11.5;11.7;11;11.6;4.5;967,14
EOLU-B.ST;EOLUS VIND B;STAY LONG;21.6;21.8;21.4;21.6;0;34,812
EOS.ST;EOS RUSSIA;STAY IN CASH;14.8;14.95;14.55;14.6;-0.68;9,915
EPIS-B.ST;EPISURF MEDICALORD;STAY IN CASH;6.2;6.4;6.1;6.25;-3.1;35,99
ERIC-A.ST;ERICSSON A;BUY;46.9;47.25;46.5;47;0.21;74,254
ERIC-B.ST;ERICSSON B;STAY SHORT;46.63;46.74;46.39;46.6;0.06;10,308,320
ESSITY-A.ST;ESSITY;STAY IN CASH;219.9;222.5;219.9;220.7;0.36;2,595
ESSITY-B.ST;ESSITY;STAY IN CASH;221;222.6;220.4;221.5;0.41;834,084
ETX.ST;ETRION;STAY LONG;1.86;1.9;1.84;1.9;2.7;94,916
EVO.ST;EVOLUTION GAMING GROUP;BUY;478.7;488;476;484.5;0.66;40,573
EWRK.ST;EWORK GROUP;STAY LONG;98.5;99.5;97.5;99;0.51;12,599
EXPRS2.ST;EXPRES2ION BIOTECH HOLDING;STAY IN CASH;5.25;5.25;5.25;5.25;8.47;80
FABG.ST;FABEGE AB;STAY LONG;158.8;160.5;158.8;159;-0.25;252,224
FAG.ST;FAGERHULT;STAY LONG;106;108.25;105.75;108;3.1;10,823
FEEL.ST;FEELGOOD SVENSKA;STAY SHORT;2.86;2.9;2.81;2.82;-1.4;39,818
FIL.ST;FILO MINING;STAY LONG;14.55;15.5;14.55;15.1;-1.31;11,185
FING-B.ST;FINGERPRINT CARDS B;STAY LONG;36.53;37.06;35.79;36.08;-0.69;7,292,050
FIRE.ST;FIREFLY;STAY LONG;38;39.9;38;39;-1.02;1,649
FMM-B.ST;FM MATTSSON MORA GROUP;STAY SHORT;80.25;81;80.25;80.5;-0.62;1,6
FNMA-PREF.ST;FNMA PREF PRF;STAY LONG;1225;1225;1216;1225;0.74;163
FOI-B.ST;FENIX OUTDOOR INTERNATIONAL;BUY;809;818;806;815;0.74;917
FOOT-PREF.ST;FOOTWAY GROUP PRF;STAY LONG;113.25;113.25;112;112;0;1,165
FPAR.ST;FAST PARTNER;STAY LONG;145;145;142.5;142.5;-0.35;3,766
FPAR-PREF.ST;FASTPARTNER PRF;STAY LONG;341.5;344.5;341.5;344.5;0.88;1,585
FPIP.ST;FORMPIPE;STAY IN CASH;14.7;14.7;14.6;14.65;-0.34;12,679
FRIM.ST;ROBERT FRIMAN INTERNATIONAL;STAY LONG;3.94;4.02;3.7;3.96;0.51;15,886
FRISQ.ST;FRISQ HOLDING;STAY IN CASH;19.9;19.9;17.5;18.2;-1.62;8,991
FRNT-B.NGM;FRONTOFFICE NORDIC B;STAY LONG;3.3;3.3;3.3;3.3;6.45;660
G5EN.ST;G5 ENTERTAINMENT;STAY IN CASH;399;410;397;398.5;-0.13;93,914
GAPW-B.ST;GAPWAVES;STAY LONG;14.2;14.25;13.9;13.9;0.72;18,276
GAPW-TO-1B.ST;GAPWAVES SUBSCR OPT;STAY IN CASH;3;3.18;3;3;0;5,89
GARO.ST;GARO;STAY IN CASH;248;248;240;244;-1.21;15,767
GCOR.ST;GAMING CORPS;STAY LONG;0.53;0.53;0.449;0.459;-15;1,458,892
GENO.ST;GENOVIS B;STAY LONG;3.12;3.14;3.05;3.12;-0.32;46,09
GETI-B.ST;GETINGE B;STAY LONG;147.6;148;146.6;146.6;-0.68;1,145,503
GHP.ST;GHP SPECIALTY CARE;STAY IN CASH;9.25;9.25;9.05;9.25;0;26,463
GHUS-B.ST;GOTENEHUS GROUP B;STAY IN CASH;5.85;5.95;5.85;5.85;0.86;49,264
GOMX.ST;GOMSPACE GROUP;STAY LONG;59.5;72;58.5;70;15.7;999,255
GPG-PREF.ST;GENOVA PROPERTY GROUP PRF;SELL;125;125;124.5;124.5;-0.2;1,034
GPX.ST;GASPOROX;STAY IN CASH;11.7;11.7;11.4;11.6;5.45;1,16
GREAT.ST;GREATER THAN;STAY IN CASH;19.7;19.7;19.5;19.5;3.17;1,77
GRNG.ST;GRANGES;STAY LONG;88.5;89.75;87.75;88.75;0.57;161,712
GTAB B;GLYCOREX TRANSPLANTATION B;BUY;2.58;2.69;2.56;2.67;2.69;45,745
GTGS.NGM;GOLD TOWN GAMES;STAY SHORT;2.4;2.4;2.1;2.27;-5.42;92,101
GUGEO.NGM;GUIDELINE GEO;STAY LONG;12.2;12.2;11.8;12.2;-1.61;2,85
GUNN.ST;GUNNEBO;STAY SHORT;41;41.2;40.5;40.7;-1.21;72,653
GWS.ST;GWS PRODUCTION;SELL;4.4;4.45;4.26;4.26;-3.18;14,899
HANC-PREF-A.ST;HANCAP PRF;STAY LONG;33.8;33.9;33.5;33.5;1.52;4,439
HANZA.ST;HANZA HOLDING;STAY IN CASH;11.4;11.4;11.2;11.2;0;21,969
HAV-B.ST;HAVSFRUN INVESTMENT B;STAY SHORT;18.9;18.9;18.8;18.9;0;142
HEBA-B.ST;HEBA FASTIGHETS B;STAY IN CASH;111;112;111;112;0.9;321
HEIM-PREF.ST;HEIMSDATEN PRF;STAY IN CASH;317;318;316.5;316.5;0;369
HELIO.ST;HELIOSPECTRA;STAY LONG;4.33;4.49;4.17;4.39;1.39;18,066
HEMC.ST;HEMCHECK SWEDEN;STAY IN CASH;14;15;12.45;13.25;-5.02;297,719
HEMC-TO1.ST;HEMCHECK SWEDEN SUBSCR OPT;STAY IN CASH;5.7;5.9;3.6;5.3;-7.02;272,451
HEMF.ST;HEMFOSA FASTIGHETER AB;STAY IN CASH;97.7;98.6;97.3;97.6;-0.1;231,353
HEMF-PREF.ST;HEMFOSA FASTIGHETER PRF;STAY LONG;180;180.9;178.2;180.9;0.95;12,643
HEXA-B.ST;HEXAGON B;STAY LONG;391.9;394.5;389.7;393;0.8;250,721
HIFA-B.ST;HIFA B;STAY SHORT;3.29;3.29;3.25;3.25;-0.91;3,27
HIQ.ST;HIQ INTERNATIONAL;STAY LONG;57.25;58.25;56.5;57.5;0;482,062
HLDX.ST;HALDEX;STAY LONG;108.5;108.5;106.25;108;-0.23;24,376
HM-B.ST;HENNES & MAURITZ B;STAY SHORT;200;203.7;199.3;200.7;-0.15;6,485,815
HMED.ST;HANSA MEDICAL;STAY LONG;177.5;178.5;172;172.5;-0.86;101,436
HMS.ST;HMS NETWORKS;STAY SHORT;118;119.25;114;115.75;-1.7;39,651
HOFI.ST;HOIST FINANCE;STAY LONG;85.25;86.25;85;85.25;-0.87;29,286
HOGK-PREF-A.ST;AKTIEBOLAGET HOGKULLEN PRF;STAY LONG;33.1;33.4;33;33;-0.3;5,365
HOLM-A.ST;HOLMEN A;STAY SHORT;347.9;354;347.9;349.7;0.52;325
HOLM-B.ST;HOLMEN B;BUY;346.1;350.1;346.1;349.7;0.66;76,256
HOVD.ST;HOVDING SVERIGE;STAY IN CASH;16.6;16.6;16;16.2;-1.22;8,621
HOYLU.ST;HOYLU;BUY;3.43;3.5;3.38;3.5;0.29;37,739
HPOL-B.ST;HEXPOL B;STAY SHORT;78;78.5;77.55;78.25;0.64;1,701,864
HTRO.ST;HEXATRONIC GROUP;STAY LONG;61;62.75;58;59.5;-1.65;403,581
HUFV-A.ST;HUFVUDSTADEN A;STAY LONG;141.2;142.5;141.2;142.3;0.78;221,71
HUM.ST;HUMANA;STAY LONG;54;58.5;54;58;2.65;32,342
HUSQ-A.ST;HUSQVARNA A;STAY LONG;79.15;81.05;79.15;80.55;1.96;3,33
HUSQ-B.ST;HUSQVARNA B;STAY LONG;80;81.25;79.9;80.8;0.81;888,423
IBT-B.ST;INFANT BACTERIAL THERAPEUTICS;STAY SHORT;84.5;84.5;83;84;-1.18;1,26
ICA.ST;ICA GRUPPEN;BUY;316.9;318.8;315.7;317.9;0.35;364,343
ICTA-B.ST;INTELLECTA B;SELL;35.5;35.5;34.5;35;-1.13;9,072
IJ.ST;INTRUM JUSTITIA;STAY LONG;258.8;261.3;255.8;259;-0.12;374,065
IMMNOV.ST;IMMUNOVIA;STAY LONG;102;102;99;101;0.25;6,876
IMMU.ST;IMMUNICUM;STAY SHORT;15.9;16;15.5;15.7;0;32,654
IMNP.ST;IMMUNE PHARMACEUTICALS;STAY IN CASH;9.2;9.85;9;9.5;2.7;60,06
IMPC.ST;IMPACT COATINGS;STAY SHORT;16.7;18.3;16.7;17;2.41;42,121
INDEX.ST;INDEX PHARMACEUTICALS HOLDING;STAY IN CASH;4.94;5.1;4.9;5.1;0;38,222
INDT.ST;INDUTRADE;STAY LONG;193.6;194.7;192.5;193.7;0.05;159,812
INDU-A.ST;INDUSTRIVARDEN A;BUY;199;202.6;199;202.3;1.86;164,081
INDU-C.ST;INDUSTRIVARDEN C;STAY LONG;189;192.2;189;191.7;1.86;485,365
INISS-B.ST;INISSION;STAY IN CASH;52.5;52.5;50.5;50.5;-4.27;5,6
INSTAL.ST;INSTALCO INTRESSENTER;STAY IN CASH;65;65;64.5;65;1.56;6,557
INTU.ST;INTUITIVE AERIAL;STAY IN CASH;1.25;1.3;1.2;1.21;-6.92;62,765
INVE-A.ST;INVESTOR A;STAY LONG;364.4;368.5;364.4;365.2;0.38;72,875
INVE-B.ST;INVESTOR B;STAY LONG;372.1;375.9;372.1;374.4;0.75;911,074
INWI.ST;INWIDO;STAY LONG;101.5;103;101.25;101.75;-0.49;144,005
IPCO.ST;INTERNATIONAL PETROLEUM CORPORATION;STAY IN CASH;27.1;28.2;26.8;27.2;-0.73;279,055
IQSE.NGM;IQS ENERGI KOMFORT;STAY SHORT;3.35;3.39;3.1;3.35;5.35;39,844
IRLAB-A.ST;IRLAB THERAPEUTICS;SELL;154.5;154.5;151;151;-1.31;26,84
IS.ST;IMAGE SYSTEMS;STAY IN CASH;2.11;2.12;2.05;2.08;-0.95;50,797
ISOFOL.ST;ISOFOL MEDICAL;STAY IN CASH;21.3;21.9;20.1;20.3;-4.25;79,433
ISR.ST;ISR IMMUNE SYSTEM REGULATION HOLDING;BUY;5.55;6.45;5.2;6.1;11.93;17,054
ITAB-B.ST;ITAB SHOP CONCEPT;STAY LONG;67.75;70;67;68.25;0.74;12,685
IVACC.ST;INTERVACC;STAY IN CASH;8;8.45;8;8.45;3.05;3,837
IVISYS.ST;IVISYS;STAY IN CASH;6.15;6.35;6;6.2;0;3,73
IVSO.ST;INVISIO COMMUNICATIONS;STAY LONG;70.75;71.5;69;71;1.43;153,043
JAYS.ST;JAYS;STAY LONG;1.8;1.8;1.66;1.67;-7.73;16,85
JLT.ST;JLT MOBILE;STAY IN CASH;4.46;4.51;4.4;4.5;0.45;45,76
JM.ST;JM;STAY IN CASH;255;258.6;252.8;258.3;1.29;602,265
K2A-PREF.ST;K2A KNAUST & AND ANDERSSON FASTIGHET;STAY IN CASH;282;282.5;281;282;0;4,41
KABE-B.ST;KABE HUSVAGNAR B;STAY LONG;208.5;213;208.5;209.5;0.48;1,152
KAHL.ST;KAPPAHL;STAY LONG;45;46.2;45;45.5;1.11;67,022
KAMBI.ST;KAMBI GROUP;BUY;76;77.5;75.25;77.5;4.03;178,566
KAN.ST;KANCERA;STAY IN CASH;2.33;2.34;2.26;2.3;0;212,747
KAPIAB.ST;KALLEBACK PROPERTY INVEST;STAY IN CASH;137;137;136.25;136.5;0.18;1,641
KARE.ST;KARESSA PHARMA;STAY LONG;9.5;10.45;9.5;10.45;0;2,353
KARO.ST;KARO PHARMA;STAY LONG;39;39.1;37.4;38.7;0;359,768
KDEV.ST;KAROLINSKA DEV;STAY SHORT;4.8;4.85;4.7;4.85;-0.41;31,182
KIND-SDB.ST;KINDRED GROUP SDR;STAY LONG;87.65;89;87.15;88.95;1.72;543,003
KINV-A.ST;KINNEVIK A;STAY LONG;258;263.3;258;258.8;0.66;2,441
KINV-B.ST;KINNEVIK B;STAY LONG;240;242;239.7;240.8;0.71;607,195
KLAR.ST;KLARIA PHARMA;STAY LONG;10.5;10.5;9.5;9.75;-5.8;11,872
KLED.ST;KUNGSLEDEN;STAY LONG;53.5;54.1;53.4;53.4;0;337,564
KLOV-A.ST;KLOVERN A;STAY LONG;10.83;11;10.83;10.99;1.48;9,718
KLOV-B.ST;KLOVERN B;STAY LONG;10.96;11;10.84;10.97;-0.27;2,854,348
KLOV-PREF.ST;KLOVERN PREF CNV PRF;STAY LONG;307;308;306.8;307.5;0.26;23,886
KNOW.ST;KNOW IT;STAY LONG;122.25;127;121.5;126.5;3.69;15,542
KOBR MTFB;KOPPARBERGS B;STAY LONG;229;229;225;226.5;-1.09;3,858
KONT.ST;KONTIGO CARE;STAY SHORT;3.25;3.39;3.13;3.38;0.9;111,009
KOPY.ST;KOPY GOLDFIELDS;STAY IN CASH;1.59;1.59;1.55;1.59;-0.63;62,545
LAGR-B.ST;LAGERCRANTZ GROUP B;STAY SHORT;80.5;82.5;80.5;80.75;0.31;12,111
LAMM-B.ST;LAMMHULTS DESIGN GROUP B;STAY SHORT;63.25;64.5;63;64.5;1.98;7,302
LATO-B.ST;LATOUR INVESTMENT B;STAY LONG;101.3;102.1;101;101.3;0.4;76,465
LAUR.ST;LAURITZ.COM;STAY LONG;7.6;8.35;7.5;7.95;11.19;1,481,460
LEO.ST;LEOVEGAS;STAY IN CASH;70.5;73.25;69;73;4.29;334,283
LEX.ST;LEXINGTON COMPANY;STAY IN CASH;20.7;20.7;20.6;20.7;1.97;15,356
LIAB.ST;LINDAB INTERNATIONAL;STAY SHORT;82;82.35;80.65;81.05;-0.92;108,997
LIDDS.ST;LIDDS;STAY LONG;11.6;11.65;11.3;11.45;0;17,794
LIFCO-B.ST;LIFCO B;STAY LONG;262;271.4;262;269;3.46;27,97
LIFE B;LIFEASSAYS B;STAY IN CASH;0.028;0.028;0.026;0.027;0;4,812,714
LLSW-B.ST;LIGHTLAB SWE B;STAY LONG;1.09;1.09;1.05;1.07;-2.73;39,719
LOOM-B.ST;LOOMIS B;STAY SHORT;289.3;292.5;289.3;291;0.41;125,835
LUC.ST;LUCARA DIAMOND;STAY IN CASH;17.7;17.8;17.5;17.5;-0.57;116,405
LUG.ST;LUNDIN GOLD;STAY LONG;33.7;33.8;33;33.4;-0.89;21,075
LUMI.ST;LUNDIN MINING;STAY LONG;61.05;61.85;61.05;61.5;2.16;695,687
LUND-B.ST;LUNDBERGFORETAGEN B;STAY LONG;615.5;621.5;615.5;620;0.73;75,643
LUPE.ST;LUNDIN PETROLEUM;BUY;170.9;172.2;170.3;172.1;0.94;730,657
MACK-B.ST;MACKMYRA SVENSK WHISKEY B;STAY LONG;14.1;14.25;14.05;14.05;0.36;3,514
MAG.ST;MAGNOLIA BOSTAD;STAY SHORT;75;75.75;72.75;75.75;1.34;39,267
MAHA-A.ST;MAHA ENERGY;STAY LONG;6.05;6.2;5.95;6.1;0.83;261,386
MAHA-A-TO-1.ST;MAHA ENERGY SUBSCR OPT;SHORT;1.37;1.37;1;1.34;-7.59;124,746
MANTEX.ST;MANTEX;STAY SHORT;3.4;3.54;3.23;3.4;-0.87;9,65
MATRA.ST;MATRA PETROLEUM;STAY SHORT;6;6;5.8;5.9;0;26,699
MAV.ST;MAVSHACK AB;STAY LONG;0.114;0.118;0.095;0.107;-6.14;4,080,004
MAXF.ST;MAXFASTIGHETER I SVERIGE;BUY;27;27.5;27;27.4;1.48;45,083
MAXK.ST;MAXKOMPETENS;STAY LONG;7.2;7.2;7.05;7.05;0;2,075
MCAP.ST;MEDCAP;STAY LONG;32.5;34.3;32.5;33.9;11.88;131,809
MCNH.NGM;MEDICA CLINICAL NORTH;STAY LONG;0.336;0.36;0.335;0.349;0.87;1,152,537
MCOV-B.ST;MEDICOVER;BUY;61.75;62.75;61;62.25;1.22;82,865
MEAB-B.ST;MALMBERGS ELEKTRISKA B;BUY;114.5;118.25;114.5;118.25;2.83;4,736
MEDR-B.ST;MEDIRATT B;STAY LONG;8.35;8.7;8.25;8.25;-1.2;16,193
MEKO.ST;MEKONOMEN;STAY IN CASH;171.5;173;170.5;171.5;0.59;35,977
MELK.ST;MELKER SCHORLING;STAY LONG;513;516.5;513;515;0.49;14,051
MERT-A.NGM;MERTIVA;STAY LONG;32.6;32.7;32.5;32.6;-0.91;10,947
MIC-SDB.ST;MILLICOM INTERNATIONAL CELLULAR SDR;STAY LONG;498;506;497.6;503;1.47;43,793
MIDW-B.ST;MIDWAY HOLDING B;STAY IN CASH;26.8;26.8;25.6;25.6;-0.78;609
MIND.ST;MINDMANCER;STAY SHORT;7.25;7.4;7.1;7.35;-1.34;17,574
MINEST.ST;MINESTO;STAY SHORT;5.3;5.3;5.2;5.25;-0.94;26,144
MIPS.ST;MIPS;STAY LONG;80;81;79.5;79.75;1.92;10,233
MOB.ST;MOBERG PHARMA;STAY SHORT;38.9;38.9;37.2;37.9;-0.26;78,276
MOMENT.ST;MOMENT GROUP;BUY;17.6;18.1;17.6;18.1;2.84;663
MPI.ST;MEDICAL PROGNOSIS INSTITUTE;SHORT;11;11;10.8;10.8;-0.46;3,364
MQ.ST;MQ HOLDING;STAY IN CASH;31.6;32.1;31.6;32.1;0.31;22,698
MRG.ST;MR GREEN;STAY LONG;49.5;50.75;49.4;50.25;1.11;79,068
MSAB-B.ST;MICRO SYSTEMATION B;STAY LONG;60.25;60.25;57.75;57.75;-3.75;14,651
MSC-B.ST;MSC GROUP;STAY SHORT;2.02;2.05;2.01;2.05;0;20,895
MSON-A.ST;MIDSONA A;BUY;69.5;72.5;69.5;72.5;4.32;264
MSON-B.ST;MIDSONA B;STAY SHORT;45.7;45.7;44.1;45;-1.53;58,512
MTG-A.ST;MTG A;STAY LONG;294.3;295.5;287.5;295.5;0.41;64
MTG-B.ST;MODERN TIMES GROUP MTG B;STAY IN CASH;286.9;290;286.9;287.3;-0.24;113,766
MTRS.ST;MUNTERS GROUP;STAY LONG;71.9;71.9;70.4;70.5;-2.02;288,967
MULQ.ST;MULTIQ INTERNATIONAL;STAY SHORT;0.67;0.67;0.67;0.67;0;87,728
MULT.NGM;MULTIDOCKER CARGO HANDLING;STAY LONG;1.11;1.12;1.08;1.1;0;664,637
MVIR-B.ST;MEDIVIR B;BUY;71.75;73.25;71.25;72.5;0.69;26,342
MYFC.ST;MYFC HOLDING;STAY LONG;27.5;28;27.1;27.6;1.85;242,606
NAXS.ST;NAXS;STAY SHORT;51.5;51.5;51;51;2;59
NCC-A.ST;NCC A;STAY LONG;210;210;206.7;206.7;-0.14;4,777
NCC-B.ST;NCC B;STAY LONG;207.9;209.6;206.6;207.2;-0.05;239,836
NDA-SEK.ST;NORDEA BANK;STAY LONG;106.9;107.4;105.9;107;0.09;6,700,417
NDX.ST;NORDAX GROUP;STAY LONG;43.8;44.6;43.5;44;0.46;93,097
NEPA.ST;NEPA;STAY SHORT;99.75;99.75;91;92.5;-7.5;10,195
NET-B.ST;NETENT;STAY SHORT;75.9;77.65;75.75;77.4;1.91;296,368
NETI-B.ST;NET INSIGHT B;STAY SHORT;5.2;5.35;5.2;5.3;2.91;277,606
NEWA-B.ST;NEW WAVE GROUP B;STAY IN CASH;56;56.25;55;56;0.45;148,303
NEXAM.ST;NEXAM CHEMICAL HOLDING;STAY SHORT;8.6;8.8;8.4;8.6;-1.15;30,861
NGQ.ST;NGEX RESOURCES;STAY LONG;6.15;6.3;5.95;6.3;5;135,464
NGS.ST;NGS GROUP;STAY LONG;51;51;50.5;50.5;-0.98;2,859
NHCBHFFS.ST;NORTHERN HORIZON CAPITAL ETF;STAY IN CASH;11.8;12.1;11.8;12;-0.99;15,582
NIBE-B.ST;NIBE INDUSTRIER B;STAY LONG;73.6;74.05;73.4;73.6;0.62;582,407
NICKE.NGM;NICKEL MOUNTAIN RESOURCES;STAY SHORT;0.44;0.5;0.352;0.412;-3.74;371,657
NICO.ST;NICOCCINO HOLD;STAY IN CASH;3.3;3.48;3.2;3.48;3.88;6,165
NIL-B.ST;NILORNGRUPPEN;STAY IN CASH;83;84.5;83;84.25;1.81;153,369
NMAN.ST;NEDERMAN HOLDING;STAY IN CASH;222;226;216.5;216.5;-1.59;1,631
NOBI.ST;NOBIA;BUY;77.15;78.85;77.15;77.8;0.84;157,043
NOBINA.ST;NOBINA;STAY LONG;41.1;43.5;41.1;43.5;9.57;1,262,047
NOKIA-SEK.ST;NOKIA;BUY;49.41;50.1;49.41;49.79;1.3;830,672
NOLA-B.ST;NOLATO B;STAY LONG;343.5;355.5;343;355.5;3.8;18,418
NOMI.ST;NORDIC MINES;STAY LONG;0.275;0.286;0.275;0.279;0;253,023
NOTE.ST;NOTE;BUY;22.6;23.5;22.5;23;2.22;63,089
NP3.ST;NP3 FASTIGHETER;STAY LONG;47.4;47.5;46.9;47;-0.42;12,248
NTEK-B.ST;NOVOTEK B;BUY;23.7;23.9;23.5;23.8;0.42;8,538
NTGRP.NGM;NET TRADING GROUP NTG;STAY LONG;3.2;3.3;3.1;3.2;-2.44;71,017
NUE.ST;NUEVOLUTION;STAY SHORT;14.9;15.2;14.9;15.2;2.01;18,805
NVP.ST;NEUROVIVE PHARMACEUTICAL;STAY LONG;4.15;4.2;4.03;4.11;-0.96;65,44
NWG.ST;NORDIC WATERPROOFING HOLDING;STAY LONG;96;96;93.25;93.25;-2.61;88,683
NXTMS.ST;NEXSTIM;BUY;2.18;2.23;2.17;2.21;1.38;424,06
OASM.ST;OASMIA PHARMACEUTICAL;STAY LONG;2.82;2.82;2.65;2.77;-1.77;373,264
OBAB.ST;ONLINE BRANDS NORDIC;STAY IN CASH;0.56;0.6;0.56;0.6;0;50,1
OBDU-B.NGM;OBDUCAT B;STAY SHORT;1.75;1.99;1.75;1.75;-1.13;75,186
OBDU-PREF-B.NGM;OBDUCAT PRF;STAY SHORT;2.05;2.05;2;2;0;2,161
ODD.ST;ODD MOLLY INTERNATIONAL;STAY LONG;32.4;34.3;32.4;34.1;5.25;7,25
OEM-B.ST;OEM INTERNATIONAL B;STAY LONG;189;192;185.5;185.5;-1.85;2,855
OLDM.ST;OLD MUTUAL;STAY LONG;21.4;21.4;21.3;21.3;-0.93;539
ONCO.ST;ONCOPEPTIDES;SELL;63;63.25;61.25;62.25;-1.19;24,219
OP.ST;OSCAR PROPERTIES;BUY;61.75;63;61.5;63;2.02;48,478
OP-PREF.ST;OSCAR PROPERTIES PRF;STAY IN CASH;269.5;269.5;266;267;-0.93;4,475
OP-PREFB.ST;OSCAR PROPERTIES HOLDING PRF;STAY IN CASH;514;514;508;512;0.2;1,744
OPUS.ST;OPUS GROUP;STAY SHORT;6.5;6.65;6.45;6.65;3.1;595,936
ORES.ST;INVESTMENT OERESUND;BUY;137.75;140.25;137.75;139.5;2.2;15,165
ORGC.ST;ORGANOCLICK;STAY SHORT;7.2;7.45;7.2;7.45;2.05;1,658
ORIF.ST;ORIFLAME HOLDING;STAY LONG;292.8;293.3;284.5;285.6;-1.59;342,111
ORTI-A.ST;ORTIVUS A;STAY SHORT;14.95;14.95;13.25;14.35;-3.69;36,885
ORTI-B.ST;ORTIVUS B;STAY LONG;2.75;2.85;2.75;2.79;0.36;37,452
ORX.ST;OREXO;STAY SHORT;31.9;32.9;31;32.3;0.94;176,099
PACT.ST;PROACT IT GROUP;STAY SHORT;201.5;206.5;200.5;204;2;3,25
PALS-B.ST;PALLAS GROUP;STAY LONG;0.715;0.765;0.555;0.595;-9.85;625,393
PCAT.ST;PHOTOCAT;STAY LONG;22.5;22.5;21.1;21.5;-2.27;5,745
PCELL.ST;POWERCELL SWEDEN;STAY SHORT;34.9;35.9;34.5;35.1;0;144,033
PDX.ST;PARADOX INTERACTIVE;STAY IN CASH;70.5;72;70.5;71.25;0.35;59,786
PEAB-B.ST;PEAB B;STAY LONG;91.85;92.3;90.15;90.7;-0.6;536,311
PEGRO-PREF.ST;PEGROCO INVEST PRF;STAY LONG;118.25;118.25;116.5;116.5;-1.48;2,35
PFE.ST;PFIZER;STAY LONG;269.5;271;265;271;0.56;1,046
PIEZO.ST;PIEZOMOTOR UPPSALA;STAY IN CASH;13.1;13.1;13;13.05;-0.38;11,56
PLAZ-B.ST;PLATZER FASTIGHETER;STAY IN CASH;49;49.6;48.8;49.3;-1;121,466
PLED.ST;PLED PHARMA;SELL;11.85;11.85;11.75;11.8;-0.42;23,356
PNDX-B.ST;PANDOX;STAY LONG;155;155;143;143.9;0.7;25,11
PNVA.NGM;PAYNOVA;STAY LONG;0.58;0.625;0.58;0.625;4.17;272,988
POLY.ST;POLYPLANK;STAY SHORT;0.26;0.26;0.249;0.258;1.18;101,646
POLYG.ST;POLYGIENE;STAY SHORT;10.55;10.75;10.45;10.7;-0.47;10,308
POOL-B.ST;POOLIA B;STAY IN CASH;14.7;14.7;14.25;14.7;0;1,264
PRCO-B.ST;PRECIO FISHBONE B;STAY IN CASH;18;18.1;18;18.1;1.69;2,666
PREC.ST;PRECISE BIOMETRICS;STAY SHORT;1.94;1.94;1.91;1.92;-0.52;811,538
PREV-B.ST;PREVAS B;STAY LONG;18.1;18.1;17.9;18.1;-0.55;2,037
PRIC-B.ST;PRICER B;BUY;9.15;9.5;9.1;9.5;3.83;406,051
PRIME.ST;PRIME LIVING;STAY SHORT;98.5;99;96.75;98.25;-0.25;11,41
PRLD.NGM;PROLIGHT DIAGNOSTICS;STAY LONG;0.47;0.49;0.46;0.47;0;78,683
PROB.ST;PROBI AB;STAY LONG;407.5;439;407.5;437;7.24;31,008
PROF-B.ST;PROFILGRUPPEN B;STAY SHORT;117.5;118.5;116.75;117;0.21;1,798
PXXS-SDB.ST;PEARL EXPLORATION AND PROD GDR;STAY LONG;6.85;7;6.7;6.8;-2.16;183,529
QLRO.ST;QLIRO GROUP;STAY LONG;17.9;18.4;17.7;18.2;1.68;324,66
QUART-PREF.ST;QUARTIERS PROPERTIES PRF;STAY IN CASH;10.1;10.2;10.1;10.1;0;7,965
RATO-A.ST;RATOS A;STAY SHORT;44.09;45.83;43.34;45.33;0.73;4,43
RATO-B.ST;RATOS B;STAY IN CASH;37.39;37.48;37.18;37.31;0.32;557,041
RAY-B.ST;RAYSEARCH LABORATORIES B;STAY LONG;166.5;178.5;165;171.5;7.52;149,76
RECI-B.ST;RECIPHARM AB;STAY LONG;89;89;86.5;86.75;-2.25;71,093
REJL-B.ST;REJLERS B;STAY LONG;68;68.5;68;68;1.12;1,51
RENT.NGM;RENTUNDER HOLDING;STAY LONG;5.45;5.75;4.53;5.75;1.77;11,273
RESURS.ST;RESURS HOLDING;STAY LONG;52.5;52.85;52.4;52.5;-0.19;162,332
REZT.ST;REZIDOR HOTEL GROUP;STAY SHORT;29.3;30.1;29.3;29.3;-1.35;2,025,231
RISEN.NGM;RIPASSO ENERGY;STAY LONG;2.25;2.25;2.15;2.25;0;55,426
RLS.ST;RUBICON LIFE SCIENCE;STAY IN CASH;7.5;7.5;7.05;7.2;5.11;58,573
RNBS.ST;RETAIL AND BRANDS;STAY IN CASH;12.5;12.75;12.5;12.65;0.8;19,88
RROS.ST;ROTTNEROS;STAY SHORT;6.3;6.4;6.25;6.25;0;378,163
RTC.ST;RETHINKING CARE SWEDEN;STAY SHORT;3.11;3.11;3.05;3.08;-1.91;18,295
SAAB-B.ST;SAAB B;STAY LONG;364.8;370.5;361.4;364.1;0.44;455,754
SAGA-A.ST;SAGAX;STAY IN CASH;108.5;108.6;107.3;108.6;0;4,752
SAGA-B.ST;SAGAX B;STAY IN CASH;100;101.8;100;100.4;0.4;40,67
SAGA-D.ST;SAGAX LINE D;STAY IN CASH;30.34;30.43;30.22;30.29;-0.13;47,572
SAGA-PREF.ST;SAGAX PRF;STAY LONG;33.57;33.62;33.35;33.53;0.39;36,727
SALT-B.ST;SALTX TECHNOLOGY HOLDING;STAY LONG;32.6;33.9;32;33.2;-2.35;417,563
SALT-TO-2B.ST;SALTX TECHNOLOGY HOLDING SUBSCR OPT;STAY SHORT;7.5;7.75;7;7.75;3.33;15,094
SAND.ST;SANDVIK;STAY LONG;132.1;134;131.9;133.3;1.52;3,897,350
SANION.ST;SANIONA A/S;STAY IN CASH;48;48.4;47.3;47.9;0.21;20,004
SAPIAB.ST;SALTANGEN;STAY LONG;130;130.5;128.5;128.5;-1.15;5,986
SARSYS.NGM;SCANDINAVIAN AIRPORT AND ROAD SYSTEM;STAY SHORT;6.15;6.55;6.05;6.3;5;7,841
SAS.ST;SAS;STAY LONG;19.8;20.1;19.5;19.7;0.51;1,588,310
SAS-PREF.ST;SAS PRF;STAY IN CASH;542;542;541;542;0;4,191
SAVOS.ST;SAVO SOLAR;STAY LONG;0.7;0.72;0.685;0.715;0.7;407,012
SAXG.ST;SAXLUND GROUP;STAY SHORT;2.47;2.47;2.3;2.41;-0.82;14,836
SBB-B.ST;SAMHALLSBYGGNADSBOLAGET I NORDEN;STAY LONG;6.2;6.7;6.15;6.5;4.84;1,193,483
SCA-A.ST;SVENSKA CELLULOSA A;BUY;71.5;72.8;71.45;72.8;2.18;8,534
SCA-B.ST;SVENSKA CELLULOSA B;STAY IN CASH;66.4;66.6;65.55;65.75;-0.75;4,876,426
SCST.ST;SCANDI STANDARD;STAY LONG;58.75;59.5;58.5;58.75;0;1,859,314
SDIP-B.ST;SDIPTECH;STAY LONG;45.1;47;42;47;-2.08;3,142
SDIP-PREF.ST;SDIPTECH PRF;STAY LONG;104.75;105;104;105;0.24;3,938
SDOS.ST;SCANDIDOS;BUY;7.9;9;7.7;8.95;22.6;3,089,164
SEAM.ST;SEAMLESS DISTRIBUTION B;STAY IN CASH;5.85;5.9;5.65;5.8;-0.85;88,537
SEB-A.ST;SE BANKEN A;SHORT;103.4;103.8;102.5;103.1;-0.29;3,592,296
SEB-C.ST;SE BANKEN C;STAY SHORT;101.7;102.4;101.4;101.4;-0.29;18,337
SECARE.ST;SWEDENCARE;STAY IN CASH;24.9;24.9;24;24;0;3,624
SECI.ST;SECITS HOLDING;STAY IN CASH;14.15;14.65;13.1;14.65;3.17;11,269
SECT-B.ST;SECTRA B;STAY SHORT;147;149.75;144;145.75;6;11,799
SECU-B.ST;SECURITAS B;STAY SHORT;131;131.2;130.3;130.5;-0.08;1,201,267
SEMC.ST;SEMCON;STAY SHORT;53.75;53.75;53.25;53.5;0.47;2,9
SENS.ST;SENSYS GATSO;STAY IN CASH;0.66;0.67;0.645;0.655;1.55;2,975,297
SERT.ST;SERSTECH;STAY LONG;3.24;3.24;3.1;3.23;1.89;31,05
SES.ST;SCAND ENVIRO SYS;STAY SHORT;0.8;0.815;0.79;0.815;1.88;55,716
SEYE.ST;SMART EYE;STAY LONG;45.2;45.2;44.1;45;-0.44;2,508
SEZI.ST;SENZIME;STAY IN CASH;6;6.25;5.95;6.15;-0.81;30,387
SF.ST;STILLFRONT GROUP;SELL;93.25;93.25;91.5;92.25;-1.86;7,945
SHB-A.ST;SVENSKA HANDELSBANKEN A;STAY LONG;119;119.4;117.8;118.1;-0.59;2,555,994
SHB-B.ST;HANDELSBANKEN B;STAY LONG;119.1;119.3;117.7;117.8;-0.93;22,408
SHOT.ST;SCANDIC HOTELS GROUP;STAY LONG;109.75;111.25;109;110;0.46;143,276
SIMRIS-B.ST;SIMRIS ALG;BUY;14.5;14.9;14.45;14.6;1.04;19,543
SINT.ST;SINTERCAST;SHORT;72;72;68.5;70.75;-1.74;8,01
SJR-B.ST;SJR B;STAY LONG;41.7;42.2;41.5;42.2;0.96;7,531
SKA-B.ST;SKANSKA B;STAY LONG;180.3;181.5;179.3;179.4;-0.06;1,746,531
SKF-A.ST;SKF A;STAY LONG;157.8;160.4;157.8;159.3;0.19;10,796
SKF-B.ST;SKF B;STAY LONG;159;160.7;158.6;159.5;0.44;2,514,922
SKIS-B.ST;SKISTAR B;STAY LONG;189;194.5;189;193.5;3.75;15,238
SMF.ST;SEMAFO;STAY IN CASH;22.12;23;22.02;22.73;2.85;88,985
SNM.ST;SHAMARAN PETROLEUM;STAY IN CASH;0.67;0.69;0.67;0.68;0;2,547,051
SOBI.ST;SWEDISH ORPHAN BIOVITRUM;BUY;118.5;119.4;118.2;119;0.42;534,184
SOF-B.ST;SOFTRONIC B;BUY;11;11.7;11;11.6;6.91;93,349
SOLT.ST;SOLTECH ENERGY;STAY SHORT;9.95;10.25;9.9;10.15;1.5;23,359
SONE.ST;SONETEL;STAY IN CASH;24.1;24.1;22;23;-1.29;12,89
SOSIL.NGM;SOTKAMO SILVER;STAY IN CASH;4.07;4.14;4.06;4.14;0;705
SPIFFX.ST;SPIFFX;SELL;1.18;1.18;1.06;1.14;-3.39;253,306
SPOR.ST;SPORTAMORE;STAY LONG;148.25;151;147.75;148.25;2.42;30,687
SPRINT.ST;SPRINT BIOSCIENCE;BUY;22.9;23.5;22.9;23.2;0.87;947
SRNKE-B.ST;SERNEKE GROUP;STAY LONG;127;127;124.5;125.25;-1.38;15,111
SSAB-A.ST;SSAB A;BUY;40.49;40.93;40.36;40.91;1.39;3,118,339
SSAB-B.ST;SSAB B;STAY LONG;32.62;33.15;32.62;33.06;1.16;4,068,292
SSM.ST;SSM HOLDING;STAY SHORT;44.5;44.5;42.5;43.6;-0.91;16,715
STAR-A.ST;STARBREEZE A;STAY LONG;12.75;12.85;11.95;12.1;-5.84;156,48
STAR-B.ST;STARBREEZE B;STAY LONG;12.7;12.8;12;12.25;-4.67;2,857,971
STE-A.ST;STORA ENSO A;STAY SHORT;106.3;106.5;105.7;105.7;1.05;10,056
STEF-B.ST;STENDORREN FASTIGHETER;STAY LONG;68.5;68.5;68.25;68.25;-0.73;217
STE-R.ST;STORA ENSO R;BUY;104.4;105.9;104.4;105.5;1.25;257,31
STIL.ST;STILLE;STAY IN CASH;61.75;61.75;59;60.5;-1.63;7,379
STRAX.ST;STRAX;STAY LONG;5.2;5.25;5.2;5.25;0.96;24,383
STW.ST;SEATWIRL;SHORT;21;21;20.5;20.5;-2.38;2,494
SUSW.ST;SURGICAL SCIENCE SWEDEN;BUY;66.75;72;66.25;69.75;4.49;4,224
SVED-B.ST;SVEDBERGS I DALSTORP B;STAY IN CASH;45.1;45.2;43.8;44.7;-0.45;16,091
SVIK.ST;STUDSVIK;STAY SHORT;49.5;49.5;48.3;48.3;-3.21;1,168
SVOL-A.ST;SVOLDER A;STAY LONG;255;255;254;254;0;10
SVOL-B.ST;SVOLDER B;STAY LONG;209.5;211.5;207.5;210;1.69;13,48
SWEC-A.ST;SWECO A;STAY SHORT;200;201.9;196;199;-0.5;962
SWEC-B.ST;SWECO B;STAY LONG;200.1;202.1;199.7;199.9;-0.15;46,899
SWED-A.ST;SWEDBANK A;STAY LONG;215;215.7;213.2;214.5;-0.14;2,130,828
SWMA.ST;SWEDISH MATCH;STAY SHORT;283.8;284.2;282.6;283.3;0;676,247
SWOL-B.ST;SWEDOL B;STAY IN CASH;32.9;32.9;32.5;32.7;0.93;119,894
SYSR.ST;SYSTEMAIR;STAY LONG;130.5;130.5;129.5;130;-0.19;5,965
TALK.ST;TALKPOOL;STAY LONG;24.7;25.4;24.7;25.4;0.79;883
TANGI.ST;TANGIAMO TOUCH TECHNOLOGY;BUY;2.96;3.12;2.96;3.03;2.36;28,959
TASTE.ST;MYTASTE;STAY LONG;5.35;5.7;5.3;5.5;-6.78;19,904
TCC.ST;TC CONNECT;STAY SHORT;22.5;22.5;21.2;21.5;-3.59;5,38
TCT.ST;TCT TECH SWEDEN;STAY LONG;24.2;24.2;23.5;23.6;-3.28;6,837
TEL2-A.ST;TELE2 A;STAY IN CASH;92.9;93.35;92.5;93;0.11;4,275
TEL2-B.ST;TELE2 B;STAY LONG;92.5;93.05;92.25;92.6;0.11;2,216,696
TEONE.ST;TARGETEVERYONE;STAY LONG;2.58;2.6;2.58;2.58;-7.86;6,392
TERRNT-B.ST;TERRANET HOLDING;STAY LONG;25.4;25.9;24.2;25.6;0;39,792
TETY.ST;TETHYS OIL;BUY;53;55.25;53;55;2.8;67,734
TFBANK.ST;TF BANK;BUY;97.5;98.75;97.5;98.75;1.54;1,817
TGATE.NGM;THREE GATES;STAY SHORT;17;19.3;17;19;8.57;6,389
THQN-B.ST;THQ NORDIC;STAY LONG;75.5;77.75;75.5;76;2.36;130,311
THULE.ST;THULE GROUP;BUY;152.4;157.4;152.4;157.1;3.22;233,083
TIEN.ST;TIETO;BUY;250.8;253.6;250.8;252.8;0.8;1,534
TLSN.ST;TELIA COMPANY;STAY LONG;37.92;38.31;37.82;37.92;0.05;11,568,400
TMG.ST;THE MARKETING GROUP;SHORT;0.595;0.6;0.53;0.57;-5;343,545
TOBII.ST;TOBII;STAY LONG;38.2;38.2;37.6;37.8;-0.79;265,11
TOBIN.ST;TOBIN PROPERTIES;STAY IN CASH;49.5;51.5;49;51.5;4.89;51,28
TOBIN-PREF.ST;TOBIN PROPERTIES PRF;STAY IN CASH;119;120;119;119.25;0.21;3,272
TRAC-B.ST;TRACTION B;BUY;195;201;194.5;195.5;1.03;933
TRANS.ST;TRANSTEMA;STAY SHORT;58;58.25;56.25;56.75;-2.16;7,817
TREL-B.ST;TRELLEBORG B;STAY LONG;190.1;192.9;189.5;190.5;0.63;695,581
TRENT.ST;TRENTION;STAY SHORT;52.75;53;52;52;-0.95;2,668
TROAX.ST;TROAX GROUP;BUY;266;274;266;272;2.06;42,274
UFLX-B.ST;UNIFLEX B;STAY IN CASH;19.3;19.5;19.1;19.2;-0.52;29,916
ULED.NGM;UNI-LIGHT LED;STAY LONG;3.45;4;3.45;3.75;-1.83;16,784
UNIBAP.ST;UNIBAP;STAY LONG;25.5;26.4;25.1;26.2;1.16;11,979
UTG.ST;UNLIMITED TRAVEL GROUP;STAY LONG;29.9;30.5;29.8;30.5;2.01;4,27
VBG-B.ST;VBG B;STAY LONG;132.5;134;130.75;132;1.15;3,026
VEMF-SDB.ST;VOSTOK EMERGING FINANCE SDR;STAY LONG;1.78;1.83;1.77;1.78;0;92,494
VERI.ST;VERISEC;STAY SHORT;155;155;150;155;-1.27;1,129
VICO.ST;VICORE PHARMA HOLDING;STAY SHORT;31.4;31.4;29.2;30.5;-0.65;25,953
VICP.ST;VICTORIA PARK;STAY LONG;28.4;28.7;28;28;-1.75;15,86
VICP-B.ST;VICTORIA PARK B;STAY IN CASH;28.9;28.9;28.5;28.9;1.76;87,377
VICP-PREF.ST;VICTORIA PARK PRF;STAY LONG;313;315.5;313;313;-0.32;1,2
VIT-B.ST;VITEC SOFTWARE GROUP B;STAY SHORT;81;81.25;81;81.25;0.31;9,715
VITR.ST;VITROLIFE;STAY IN CASH;667;670;661;665;-0.3;17,462
VNV-SDB.ST;VOSTOK NEW VENTURES SDR;STAY LONG;60;60;59;59.25;-1.25;32,538
VOLO.ST;VOLATI;BUY;62.5;64.75;62.5;64;0.79;92,124
VOLO-PREF.ST;VOLATI PRF;STAY SHORT;627;630;621;626;0.32;928
VOLV-A.ST;VOLVO A;STAY SHORT;142.2;146;141.8;145.7;7.37;286,541
VOLV-B.ST;VOLVO B;STAY SHORT;143;146.2;141.1;145.6;7.3;15,045,630
VRG-B.ST;VENUE B;STAY IN CASH;1.38;1.38;1.3;1.35;0;28,058
VSSAB-B.ST;VIKING SUPPLY SHIPS;STAY IN CASH;0.695;0.7;0.655;0.7;0.72;63,185
WALL-B.ST;WALLENSTAM B;STAY LONG;81;81.2;80.8;81.05;0.12;130,825
WESC.ST;WESC;STAY IN CASH;0.241;0.247;0.241;0.247;2.92;1,534
WIHL.ST;WIHLBORGS FASTIGHETER;STAY LONG;194;195.2;193;193.2;0.16;206,179
WINT.ST;WEST INTERNATIONAL;STAY LONG;11.45;11.45;11.05;11.2;-0.44;45,517
WISE.ST;WISE GROUP;STAY LONG;60.5;60.75;60;60.75;-0.41;2,759
WTX.ST;WILSON THERAPEUTICS SHS;STAY LONG;80;82.75;79.75;82;2.82;11,621
XACT.ST;XACT OMX30 ETF;STAY LONG;179.9;180.75;179.9;180.65;0.92;138,716
XACT-BEAR.ST;XACT BEAR ETF;STAY IN CASH;69.05;69.05;68.55;68.75;-1.08;408,818
XACT-BEAR-2.ST;XACT BEAR2 ETF;STAY IN CASH;60.3;60.3;59.75;59.85;-1.56;1,096,983
XACT-BULL.ST;XACT BULL ETF;BUY;337.75;339.65;337.75;339.2;1.21;10,172
XACT-BULL-2.ST;XACT BULL2 ETF;STAY LONG;621.5;626.6;621.5;625.8;1.59;77,92
XACTHDIV.ST;XACTHDIV ETF;STAY LONG;104.1;104.65;104.1;104.55;0.48;72,099
XACT-NORDEN-30.ST;XACT NORDEN 30 ETF;STAY LONG;109.3;110;109.3;109.95;0.78;113,964
XACT-OMXSB-UTD.ST;XACT OMXSB Utd ETF;STAY LONG;414;417.55;414;417.35;1.05;143,027
XACT-SMABOLAG.ST;XACT SVENSKA SMABOLAG UCITS ETF;STAY LONG;136.25;136.6;135.85;135.85;0.22;2,79
XANO-B.ST;XANO INDUSTRI B;STAY LONG;147.75;147.75;142.25;145.25;-1.69;1,065
XBRANE.ST;XBRANE BIOPHARMA;STAY LONG;61.25;62.5;59;61.25;1.24;50,402
XESC.ST;DBX ES50 DR 1C ETF;STAY SHORT;450.35;452;450.05;451.3;0.57;38,126
XINT.ST;XINTELA;STAY IN CASH;3.54;3.75;3.51;3.68;3.95;60,378
XMEM.ST;DB X-TRACKERS MSCI EM ETF;SHORT;360.2;360.2;359.85;360.05;-0.04;617
XMR.ST;XMREALITY;STAY SHORT;9.3;9.65;9.1;9.65;3.76;72,998
XMWO.ST;DBX MSCI WORLD ETF;STAY SHORT;431.6;433.1;431.3;433.1;0.42;68
XSPX.ST;DB X-TRACKERS S&P 500 ETF;STAY SHORT;348.5;348.5;348.5;348.5;0.22;29
XVIVO.ST;XVIVO PERFUS;STAY SHORT;93.5;93.5;91;93;-0.8;9,628
ZAPLOX.ST;ZAPLOX;STAY LONG;4.63;5.3;4.63;4.82;6.17;60,536
ZETA.ST;ZETA DISPLAY;STAY SHORT;15.5;15.7;15.4;15.4;-1.28;6,319
ZETA-PREF.ST;ZETADISPLAY PRF;STAY LONG;126.5;128;126.5;127.75;3.02;178
ZZ-B.ST;ZINZINO AB;STAY IN CASH;11;11;9.9;10.3;-0.96;41,491
