NAMESHORT;URL;VALUE;NAME
COPP-B.ST;https://www.swedishbulls.com/SignalPage.aspx?lang=en&Ticker=COPP-B.ST;9,569.56;test1
CE.ST;https://www.swedishbulls.com/SignalPage.aspx?lang=en&Ticker=CE.ST;6,548.86;test2
SERT.ST;https://www.swedishbulls.com/SignalPage.aspx?lang=en&Ticker=SERT.ST;5,884.45;test3
SAVOS.ST;https://www.swedishbulls.com/SignalPage.aspx?lang=en&Ticker=SAVOS.ST;4,898.73;test4
SALT-B.ST;https://www.swedishbulls.com/SignalPage.aspx?lang=en&Ticker=SALT-B.ST;3,860.82;test5
FRIM.ST;https://www.swedishbulls.com/SignalPage.aspx?lang=en&Ticker=FRIM.ST;3,854.64;test6
CI-B.ST;https://www.swedishbulls.com/SignalPage.aspx?lang=en&Ticker=CI-B.ST;3,506.45;test7
PCELL.ST;https://www.swedishbulls.com/SignalPage.aspx?lang=en&Ticker=PCELL.ST;3,160.89;test8
BIM.ST;https://www.swedishbulls.com/SignalPage.aspx?lang=en&Ticker=BIM.ST;2,980.28;test9
MYFC.ST;https://www.swedishbulls.com/SignalPage.aspx?lang=en&Ticker=MYFC.ST;2,930.31;test10
G5EN.ST;https://www.swedishbulls.com/SignalPage.aspx?lang=en&Ticker=G5EN.ST;2,511.18;test11
PREC.ST;https://www.swedishbulls.com/SignalPage.aspx?lang=en&Ticker=PREC.ST;2,287.98;test12
SANION.ST;https://www.swedishbulls.com/SignalPage.aspx?lang=en&Ticker=SANION.ST;2,053.73;test13
FING-B.ST;https://www.swedishbulls.com/SignalPage.aspx?lang=en&Ticker=FING-B.ST;1,885.14;test14
NXTMS.ST;https://www.swedishbulls.com/SignalPage.aspx?lang=en&Ticker=NXTMS.ST;1,844.71;test15
ENDO.ST;https://www.swedishbulls.com/SignalPage.aspx?lang=en&Ticker=ENDO.ST;1,660.51;test16
ORTI-A.ST;https://www.swedishbulls.com/SignalPage.aspx?lang=en&Ticker=ORTI-A.ST;1,529.41;test17
BRIG.ST;https://www.swedishbulls.com/SignalPage.aspx?lang=en&Ticker=BRIG.ST;1,485.68;test18
BOUL.ST;https://www.swedishbulls.com/SignalPage.aspx?lang=en&Ticker=BOUL.ST;1,412.90;test19
TMG.ST;https://www.swedishbulls.com/SignalPage.aspx?lang=en&Ticker=TMG.ST;1,342.04;test20
AUR.ST;https://www.swedishbulls.com/SignalPage.aspx?lang=en&Ticker=AUR.ST;1,290.27;test21
ENQ.ST;https://www.swedishbulls.com/SignalPage.aspx?lang=en&Ticker=ENQ.ST;1,270.37;test22
CBA.ST;https://www.swedishbulls.com/SignalPage.aspx?lang=en&Ticker=CBA.ST;1,173.56;test23
ANOT.ST;https://www.swedishbulls.com/SignalPage.aspx?lang=en&Ticker=ANOT.ST;1,166.16;test24
TRANS.ST;https://www.swedishbulls.com/SignalPage.aspx?lang=en&Ticker=TRANS.ST;1,135.04;test25
NOMI.ST;https://www.swedishbulls.com/SignalPage.aspx?lang=en&Ticker=NOMI.ST;1,117.48;test26
MEDR-B.ST;https://www.swedishbulls.com/SignalPage.aspx?lang=en&Ticker=MEDR-B.ST;1,109.35;test27
DIVI-B.NGM;https://www.swedishbulls.com/SignalPage.aspx?lang=en&Ticker=DIVI-B.NGM;1,030.16;test28
SNM.ST;https://www.swedishbulls.com/SignalPage.aspx?lang=en&Ticker=SNM.ST;1,029.90;test29
SSAB-B.ST;https://www.swedishbulls.com/SignalPage.aspx?lang=en&Ticker=SSAB-B.ST;997.74;test30
SALT-TO-2B.ST;https://www.swedishbulls.com/SignalPage.aspx?lang=en&Ticker=SALT-TO-2B.ST;990.02;test31
AAP-B.ST;https://www.swedishbulls.com/SignalPage.aspx?lang=en&Ticker=AAP-B.ST;981.12;test32
CEVI.ST;https://www.swedishbulls.com/SignalPage.aspx?lang=en&Ticker=CEVI.ST;952.23;test33
GWS.ST;https://www.swedishbulls.com/SignalPage.aspx?lang=en&Ticker=GWS.ST;893.86;test34
HMED.ST;https://www.swedishbulls.com/SignalPage.aspx?lang=en&Ticker=HMED.ST;867.03;test35
SPIFFX.ST;https://www.swedishbulls.com/SignalPage.aspx?lang=en&Ticker=SPIFFX.ST;818.14;test36
EOID.NGM;https://www.swedishbulls.com/SignalPage.aspx?lang=en&Ticker=EOID.NGM;792.84;test37
VITR.ST;https://www.swedishbulls.com/SignalPage.aspx?lang=en&Ticker=VITR.ST;776.04;test38
CLAV.ST;https://www.swedishbulls.com/SignalPage.aspx?lang=en&Ticker=CLAV.ST;765.81;test39
SEAM.ST;https://www.swedishbulls.com/SignalPage.aspx?lang=en&Ticker=SEAM.ST;765.56;test40
KARO.ST;https://www.swedishbulls.com/SignalPage.aspx?lang=en&Ticker=KARO.ST;764.01;test41
SSAB-A.ST;https://www.swedishbulls.com/SignalPage.aspx?lang=en&Ticker=SSAB-A.ST;750.46;test42
IMPC.ST;https://www.swedishbulls.com/SignalPage.aspx?lang=en&Ticker=IMPC.ST;713.08;test43
ENRO.ST;https://www.swedishbulls.com/SignalPage.aspx?lang=en&Ticker=ENRO.ST;672.23;test44
NVP.ST;https://www.swedishbulls.com/SignalPage.aspx?lang=en&Ticker=NVP.ST;642.67;test45
PROB.ST;https://www.swedishbulls.com/SignalPage.aspx?lang=en&Ticker=PROB.ST;631.37;test46
IMMNOV.ST;https://www.swedishbulls.com/SignalPage.aspx?lang=en&Ticker=IMMNOV.ST;614.77;test47
ARCM.ST;https://www.swedishbulls.com/SignalPage.aspx?lang=en&Ticker=ARCM.ST;611.64;test48
ORX.ST;https://www.swedishbulls.com/SignalPage.aspx?lang=en&Ticker=ORX.ST;592.16;test49
DEDI.ST;https://www.swedishbulls.com/SignalPage.aspx?lang=en&Ticker=DEDI.ST;560.51;test50
ORIF.ST;https://www.swedishbulls.com/SignalPage.aspx?lang=en&Ticker=ORIF.ST;557.31;test51
EPIS-B.ST;https://www.swedishbulls.com/SignalPage.aspx?lang=en&Ticker=EPIS-B.ST;549.48;test52
CRAD-B.ST;https://www.swedishbulls.com/SignalPage.aspx?lang=en&Ticker=CRAD-B.ST;543.86;test53
IMMU.ST;https://www.swedishbulls.com/SignalPage.aspx?lang=en&Ticker=IMMU.ST;537.66;test54
KAMBI.ST;https://www.swedishbulls.com/SignalPage.aspx?lang=en&Ticker=KAMBI.ST;518.58;test55
VICO.ST;https://www.swedishbulls.com/SignalPage.aspx?lang=en&Ticker=VICO.ST;517.2;test56
BEGR.ST;https://www.swedishbulls.com/SignalPage.aspx?lang=en&Ticker=BEGR.ST;500.77;test57
IMNP.ST;https://www.swedishbulls.com/SignalPage.aspx?lang=en&Ticker=IMNP.ST;499.51;test58
MAG.ST;https://www.swedishbulls.com/SignalPage.aspx?lang=en&Ticker=MAG.ST;496.4;test59
JLT.ST;https://www.swedishbulls.com/SignalPage.aspx?lang=en&Ticker=JLT.ST;490.9;test60
EVO.ST;https://www.swedishbulls.com/SignalPage.aspx?lang=en&Ticker=EVO.ST;489.01;test61
ZETA.ST;https://www.swedishbulls.com/SignalPage.aspx?lang=en&Ticker=ZETA.ST;481.58;test62
MAV.ST;https://www.swedishbulls.com/SignalPage.aspx?lang=en&Ticker=MAV.ST;480.88;test63
MCNH.NGM;https://www.swedishbulls.com/SignalPage.aspx?lang=en&Ticker=MCNH.NGM;467.17;test64
DOME.ST;https://www.swedishbulls.com/SignalPage.aspx?lang=en&Ticker=DOME.ST;454.07;test65
IBT-B.ST;https://www.swedishbulls.com/SignalPage.aspx?lang=en&Ticker=IBT-B.ST;450.87;test66
BINV.ST;https://www.swedishbulls.com/SignalPage.aspx?lang=en&Ticker=BINV.ST;449.66;test67
PXXS-SDB.ST;https://www.swedishbulls.com/SignalPage.aspx?lang=en&Ticker=PXXS-SDB.ST;446.06;test68
HTRO.ST;https://www.swedishbulls.com/SignalPage.aspx?lang=en&Ticker=HTRO.ST;438.28;test69
CLS-B.ST;https://www.swedishbulls.com/SignalPage.aspx?lang=en&Ticker=CLS-B.ST;436.43;test70
HOVD.ST;https://www.swedishbulls.com/SignalPage.aspx?lang=en&Ticker=HOVD.ST;433.01;test71
ACTI.ST;https://www.swedishbulls.com/SignalPage.aspx?lang=en&Ticker=ACTI.ST;425.13;test72
HELIO.ST;https://www.swedishbulls.com/SignalPage.aspx?lang=en&Ticker=HELIO.ST;421.4;test73
SPOR.ST;https://www.swedishbulls.com/SignalPage.aspx?lang=en&Ticker=SPOR.ST;418.27;test74
KOBR%20MTFB;https://www.swedishbulls.com/SignalPage.aspx?lang=en&Ticker=KOBR%20MTFB;418;test75
SENS.ST;https://www.swedishbulls.com/SignalPage.aspx?lang=en&Ticker=SENS.ST;416.32;test76
NETI-B.ST;https://www.swedishbulls.com/SignalPage.aspx?lang=en&Ticker=NETI-B.ST;410.17;test77
BIOT.ST;https://www.swedishbulls.com/SignalPage.aspx?lang=en&Ticker=BIOT.ST;410.05;test78
STAR-A.ST;https://www.swedishbulls.com/SignalPage.aspx?lang=en&Ticker=STAR-A.ST;406.83;test79
MRG.ST;https://www.swedishbulls.com/SignalPage.aspx?lang=en&Ticker=MRG.ST;405.7;test80
BACTI-B.ST;https://www.swedishbulls.com/SignalPage.aspx?lang=en&Ticker=BACTI-B.ST;405.05;test81
SMF.ST;https://www.swedishbulls.com/SignalPage.aspx?lang=en&Ticker=SMF.ST;404.24;test82
SES.ST;https://www.swedishbulls.com/SignalPage.aspx?lang=en&Ticker=SES.ST;400.89;test83
FEEL.ST;https://www.swedishbulls.com/SignalPage.aspx?lang=en&Ticker=FEEL.ST;400.55;test84
43720.ST;https://www.swedishbulls.com/SignalPage.aspx?lang=en&Ticker=43720.ST;399.9;test85
CTT.ST;https://www.swedishbulls.com/SignalPage.aspx?lang=en&Ticker=CTT.ST;397.77;test86
POLY.ST;https://www.swedishbulls.com/SignalPage.aspx?lang=en&Ticker=POLY.ST;393.75;test87
KOPY.ST;https://www.swedishbulls.com/SignalPage.aspx?lang=en&Ticker=KOPY.ST;382.38;test88
OASM.ST;https://www.swedishbulls.com/SignalPage.aspx?lang=en&Ticker=OASM.ST;379.36;test89
CRWN;https://www.swedishbulls.com/SignalPage.aspx?lang=en&Ticker=CRWN;376.89;test90
TETY.ST;https://www.swedishbulls.com/SignalPage.aspx?lang=en&Ticker=TETY.ST;373.82;test91
A1M.ST;https://www.swedishbulls.com/SignalPage.aspx?lang=en&Ticker=A1M.ST;367.09;test92
WINT.ST;https://www.swedishbulls.com/SignalPage.aspx?lang=en&Ticker=WINT.ST;363.8;test93
QLRO.ST;https://www.swedishbulls.com/SignalPage.aspx?lang=en&Ticker=QLRO.ST;362.53;test94
TOBII.ST;https://www.swedishbulls.com/SignalPage.aspx?lang=en&Ticker=TOBII.ST;358.68;test95
BESQ.ST;https://www.swedishbulls.com/SignalPage.aspx?lang=en&Ticker=BESQ.ST;354.23;test96
HEMC.ST;https://www.swedishbulls.com/SignalPage.aspx?lang=en&Ticker=HEMC.ST;352.92;test97
GTGS.NGM;https://www.swedishbulls.com/SignalPage.aspx?lang=en&Ticker=GTGS.NGM;351.08;test98
MERT-A.NGM;https://www.swedishbulls.com/SignalPage.aspx?lang=en&Ticker=MERT-A.NGM;348.23;test99
AGRO.ST;https://www.swedishbulls.com/SignalPage.aspx?lang=en&Ticker=AGRO.ST;346.99;test100
MSAB-B.ST;https://www.swedishbulls.com/SignalPage.aspx?lang=en&Ticker=MSAB-B.ST;344.19;test101
HIQ.ST;https://www.swedishbulls.com/SignalPage.aspx?lang=en&Ticker=HIQ.ST;343.11;test102
STIL.ST;https://www.swedishbulls.com/SignalPage.aspx?lang=en&Ticker=STIL.ST;338.29;test103
LIFCO-B.ST;https://www.swedishbulls.com/SignalPage.aspx?lang=en&Ticker=LIFCO-B.ST;337.98;test104
DORO.ST;https://www.swedishbulls.com/SignalPage.aspx?lang=en&Ticker=DORO.ST;337.7;test105
XANO-B.ST;https://www.swedishbulls.com/SignalPage.aspx?lang=en&Ticker=XANO-B.ST;333.72;test106
ALIG.ST;https://www.swedishbulls.com/SignalPage.aspx?lang=en&Ticker=ALIG.ST;331.67;test107
VICP-B.ST;https://www.swedishbulls.com/SignalPage.aspx?lang=en&Ticker=VICP-B.ST;330.87;test108
CLBIO.ST;https://www.swedishbulls.com/SignalPage.aspx?lang=en&Ticker=CLBIO.ST;327.63;test109
RAY-B.ST;https://www.swedishbulls.com/SignalPage.aspx?lang=en&Ticker=RAY-B.ST;326.97;test110
VSSAB-B.ST;https://www.swedishbulls.com/SignalPage.aspx?lang=en&Ticker=VSSAB-B.ST;325.6;test111
TROAX.ST;https://www.swedishbulls.com/SignalPage.aspx?lang=en&Ticker=TROAX.ST;324.86;test112
OP.ST;https://www.swedishbulls.com/SignalPage.aspx?lang=en&Ticker=OP.ST;321.99;test113
TASTE.ST;https://www.swedishbulls.com/SignalPage.aspx?lang=en&Ticker=TASTE.ST;321.7;test114
ALIV-SDB.ST;https://www.swedishbulls.com/SignalPage.aspx?lang=en&Ticker=ALIV-SDB.ST;320.27;test115
RLS.ST;https://www.swedishbulls.com/SignalPage.aspx?lang=en&Ticker=RLS.ST;320.16;test116
BERG-B.ST;https://www.swedishbulls.com/SignalPage.aspx?lang=en&Ticker=BERG-B.ST;319.27;test117
KABE-B.ST;https://www.swedishbulls.com/SignalPage.aspx?lang=en&Ticker=KABE-B.ST;315.57;test118
ETX.ST;https://www.swedishbulls.com/SignalPage.aspx?lang=en&Ticker=ETX.ST;314.76;test119
BURE.ST;https://www.swedishbulls.com/SignalPage.aspx?lang=en&Ticker=BURE.ST;314.42;test120
LUC.ST;https://www.swedishbulls.com/SignalPage.aspx?lang=en&Ticker=LUC.ST;314.23;test121
GCOR.ST;https://www.swedishbulls.com/SignalPage.aspx?lang=en&Ticker=GCOR.ST;313.01;test122
BOL.ST;https://www.swedishbulls.com/SignalPage.aspx?lang=en&Ticker=BOL.ST;312.77;test123
AZA.ST;https://www.swedishbulls.com/SignalPage.aspx?lang=en&Ticker=AZA.ST;310.84;test124
SEMC.ST;https://www.swedishbulls.com/SignalPage.aspx?lang=en&Ticker=SEMC.ST;309.07;test125
ITAB-B.ST;https://www.swedishbulls.com/SignalPage.aspx?lang=en&Ticker=ITAB-B.ST;308.58;test126
FPAR.ST;https://www.swedishbulls.com/SignalPage.aspx?lang=en&Ticker=FPAR.ST;308.18;test127
OPUS.ST;https://www.swedishbulls.com/SignalPage.aspx?lang=en&Ticker=OPUS.ST;305.52;test128
MIC-SDB.ST;https://www.swedishbulls.com/SignalPage.aspx?lang=en&Ticker=MIC-SDB.ST;304.15;test129
BAYN.ST;https://www.swedishbulls.com/SignalPage.aspx?lang=en&Ticker=BAYN.ST;302.68;test130
CLEM.ST;https://www.swedishbulls.com/SignalPage.aspx?lang=en&Ticker=CLEM.ST;302.46;test131
FOI-B.ST;https://www.swedishbulls.com/SignalPage.aspx?lang=en&Ticker=FOI-B.ST;301.8;test132
EKTA-B.ST;https://www.swedishbulls.com/SignalPage.aspx?lang=en&Ticker=EKTA-B.ST;299.3;test133
MOB.ST;https://www.swedishbulls.com/SignalPage.aspx?lang=en&Ticker=MOB.ST;299.26;test134
PRIME.ST;https://www.swedishbulls.com/SignalPage.aspx?lang=en&Ticker=PRIME.ST;299.03;test135
CAMX.ST;https://www.swedishbulls.com/SignalPage.aspx?lang=en&Ticker=CAMX.ST;298.97;test136
BUFAB.ST;https://www.swedishbulls.com/SignalPage.aspx?lang=en&Ticker=BUFAB.ST;296.05;test137
DIGN.ST;https://www.swedishbulls.com/SignalPage.aspx?lang=en&Ticker=DIGN.ST;295.32;test138
ELAN-B.ST;https://www.swedishbulls.com/SignalPage.aspx?lang=en&Ticker=ELAN-B.ST;295.04;test139
ADVE.ST;https://www.swedishbulls.com/SignalPage.aspx?lang=en&Ticker=ADVE.ST;294.7;test140
STAR-B.ST;https://www.swedishbulls.com/SignalPage.aspx?lang=en&Ticker=STAR-B.ST;291.31;test141
SAS.ST;https://www.swedishbulls.com/SignalPage.aspx?lang=en&Ticker=SAS.ST;289.61;test142
SDOS.ST;https://www.swedishbulls.com/SignalPage.aspx?lang=en&Ticker=SDOS.ST;287.12;test143
ARCT.ST;https://www.swedishbulls.com/SignalPage.aspx?lang=en&Ticker=ARCT.ST;286.34;test144
BIOG-B.ST;https://www.swedishbulls.com/SignalPage.aspx?lang=en&Ticker=BIOG-B.ST;286.16;test145
LOOM-B.ST;https://www.swedishbulls.com/SignalPage.aspx?lang=en&Ticker=LOOM-B.ST;283.44;test146
COLL.ST;https://www.swedishbulls.com/SignalPage.aspx?lang=en&Ticker=COLL.ST;282.01;test147
FAG.ST;https://www.swedishbulls.com/SignalPage.aspx?lang=en&Ticker=FAG.ST;281.83;test148
COOR.ST;https://www.swedishbulls.com/SignalPage.aspx?lang=en&Ticker=COOR.ST;281.44;test149
HMS.ST;https://www.swedishbulls.com/SignalPage.aspx?lang=en&Ticker=HMS.ST;279.35;test150
VIT-B.ST;https://www.swedishbulls.com/SignalPage.aspx?lang=en&Ticker=VIT-B.ST;277.4;test151
INDT.ST;https://www.swedishbulls.com/SignalPage.aspx?lang=en&Ticker=INDT.ST;277.38;test152
43825.ST;https://www.swedishbulls.com/SignalPage.aspx?lang=en&Ticker=43825.ST;277.35;test153
DCAR-B.ST;https://www.swedishbulls.com/SignalPage.aspx?lang=en&Ticker=DCAR-B.ST;276.59;test154
SWEC-A.ST;https://www.swedishbulls.com/SignalPage.aspx?lang=en&Ticker=SWEC-A.ST;276.46;test155
FRNT-B.NGM;https://www.swedishbulls.com/SignalPage.aspx?lang=en&Ticker=FRNT-B.NGM;272.75;test156
VICP.ST;https://www.swedishbulls.com/SignalPage.aspx?lang=en&Ticker=VICP.ST;271.2;test157
DOXA.ST;https://www.swedishbulls.com/SignalPage.aspx?lang=en&Ticker=DOXA.ST;270.39;test158
ACAN-B.ST;https://www.swedishbulls.com/SignalPage.aspx?lang=en&Ticker=ACAN-B.ST;270.11;test159
COGS.ST;https://www.swedishbulls.com/SignalPage.aspx?lang=en&Ticker=COGS.ST;269.56;test160
IVSO.ST;https://www.swedishbulls.com/SignalPage.aspx?lang=en&Ticker=IVSO.ST;268.67;test161
KLOV-B.ST;https://www.swedishbulls.com/SignalPage.aspx?lang=en&Ticker=KLOV-B.ST;268.22;test162
AOI.ST;https://www.swedishbulls.com/SignalPage.aspx?lang=en&Ticker=AOI.ST;266.62;test163
GHP.ST;https://www.swedishbulls.com/SignalPage.aspx?lang=en&Ticker=GHP.ST;266.08;test164
ENRO-PREF.ST;https://www.swedishbulls.com/SignalPage.aspx?lang=en&Ticker=ENRO-PREF.ST;265.85;test165
NDX.ST;https://www.swedishbulls.com/SignalPage.aspx?lang=en&Ticker=NDX.ST;264.21;test166
NEXAM.ST;https://www.swedishbulls.com/SignalPage.aspx?lang=en&Ticker=NEXAM.ST;262.01;test167
TREL-B.ST;https://www.swedishbulls.com/SignalPage.aspx?lang=en&Ticker=TREL-B.ST;261.44;test168
KIND-SDB.ST;https://www.swedishbulls.com/SignalPage.aspx?lang=en&Ticker=KIND-SDB.ST;257.22;test169
KINV-A.ST;https://www.swedishbulls.com/SignalPage.aspx?lang=en&Ticker=KINV-A.ST;254.7;test170
WTX.ST;https://www.swedishbulls.com/SignalPage.aspx?lang=en&Ticker=WTX.ST;254.46;test171
PROF-B.ST;https://www.swedishbulls.com/SignalPage.aspx?lang=en&Ticker=PROF-B.ST;254.4;test172
PCAT.ST;https://www.swedishbulls.com/SignalPage.aspx?lang=en&Ticker=PCAT.ST;254.26;test173
ICTA-B.ST;https://www.swedishbulls.com/SignalPage.aspx?lang=en&Ticker=ICTA-B.ST;254.14;test174
JM.ST;https://www.swedishbulls.com/SignalPage.aspx?lang=en&Ticker=JM.ST;252.67;test175
GHUS-B.ST;https://www.swedishbulls.com/SignalPage.aspx?lang=en&Ticker=GHUS-B.ST;252.12;test176
KAHL.ST;https://www.swedishbulls.com/SignalPage.aspx?lang=en&Ticker=KAHL.ST;251.68;test177
SVIK.ST;https://www.swedishbulls.com/SignalPage.aspx?lang=en&Ticker=SVIK.ST;251.32;test178
AM1S.ST;https://www.swedishbulls.com/SignalPage.aspx?lang=en&Ticker=AM1S.ST;251.17;test179
RATO-A.ST;https://www.swedishbulls.com/SignalPage.aspx?lang=en&Ticker=RATO-A.ST;249.7;test180
HLDX.ST;https://www.swedishbulls.com/SignalPage.aspx?lang=en&Ticker=HLDX.ST;248.3;test181
IRLAB-A.ST;https://www.swedishbulls.com/SignalPage.aspx?lang=en&Ticker=IRLAB-A.ST;247;test182
GOMX.ST;https://www.swedishbulls.com/SignalPage.aspx?lang=en&Ticker=GOMX.ST;246.26;test183
SAAB-B.ST;https://www.swedishbulls.com/SignalPage.aspx?lang=en&Ticker=SAAB-B.ST;246.21;test184
COMPI.NGM;https://www.swedishbulls.com/SignalPage.aspx?lang=en&Ticker=COMPI.NGM;245.07;test185
LAGR-B.ST;https://www.swedishbulls.com/SignalPage.aspx?lang=en&Ticker=LAGR-B.ST;244.54;test186
EWRK.ST;https://www.swedishbulls.com/SignalPage.aspx?lang=en&Ticker=EWRK.ST;244.52;test187
ORES.ST;https://www.swedishbulls.com/SignalPage.aspx?lang=en&Ticker=ORES.ST;241.95;test188
MVIR-B.ST;https://www.swedishbulls.com/SignalPage.aspx?lang=en&Ticker=MVIR-B.ST;240;test189
VOLV-B.ST;https://www.swedishbulls.com/SignalPage.aspx?lang=en&Ticker=VOLV-B.ST;239.34;test190
LUPE.ST;https://www.swedishbulls.com/SignalPage.aspx?lang=en&Ticker=LUPE.ST;239.2;test191
NOLA-B.ST;https://www.swedishbulls.com/SignalPage.aspx?lang=en&Ticker=NOLA-B.ST;238.96;test192
SBB-B.ST;https://www.swedishbulls.com/SignalPage.aspx?lang=en&Ticker=SBB-B.ST;238.36;test193
ENEA.ST;https://www.swedishbulls.com/SignalPage.aspx?lang=en&Ticker=ENEA.ST;237.76;test194
DIST.ST;https://www.swedishbulls.com/SignalPage.aspx?lang=en&Ticker=DIST.ST;237.46;test195
MSC-B.ST;https://www.swedishbulls.com/SignalPage.aspx?lang=en&Ticker=MSC-B.ST;234.85;test196
CANTA.ST;https://www.swedishbulls.com/SignalPage.aspx?lang=en&Ticker=CANTA.ST;233.54;test197
NEWA-B.ST;https://www.swedishbulls.com/SignalPage.aspx?lang=en&Ticker=NEWA-B.ST;233.29;test198
STE-R.ST;https://www.swedishbulls.com/SignalPage.aspx?lang=en&Ticker=STE-R.ST;233.01;test199
SEZI.ST;https://www.swedishbulls.com/SignalPage.aspx?lang=en&Ticker=SEZI.ST;231.88;test200
XACT-BULL-2.ST;https://www.swedishbulls.com/SignalPage.aspx?lang=en&Ticker=XACT-BULL-2.ST;231.58;test201
SKIS-B.ST;https://www.swedishbulls.com/SignalPage.aspx?lang=en&Ticker=SKIS-B.ST;231.41;test202
CONS-B.ST;https://www.swedishbulls.com/SignalPage.aspx?lang=en&Ticker=CONS-B.ST;231.38;test203
RECI-B.ST;https://www.swedishbulls.com/SignalPage.aspx?lang=en&Ticker=RECI-B.ST;230.54;test204
KLOV-A.ST;https://www.swedishbulls.com/SignalPage.aspx?lang=en&Ticker=KLOV-A.ST;230.47;test205
LIDDS.ST;https://www.swedishbulls.com/SignalPage.aspx?lang=en&Ticker=LIDDS.ST;230.44;test206
SVOL-B.ST;https://www.swedishbulls.com/SignalPage.aspx?lang=en&Ticker=SVOL-B.ST;230;test207
GARO.ST;https://www.swedishbulls.com/SignalPage.aspx?lang=en&Ticker=GARO.ST;229.7;test208
REJL-B.ST;https://www.swedishbulls.com/SignalPage.aspx?lang=en&Ticker=REJL-B.ST;229.62;test209
NOBI.ST;https://www.swedishbulls.com/SignalPage.aspx?lang=en&Ticker=NOBI.ST;229.38;test210
47307.ST;https://www.swedishbulls.com/SignalPage.aspx?lang=en&Ticker=47307.ST;228.76;test211
MIND.ST;https://www.swedishbulls.com/SignalPage.aspx?lang=en&Ticker=MIND.ST;227.39;test212
TRAC-B.ST;https://www.swedishbulls.com/SignalPage.aspx?lang=en&Ticker=TRAC-B.ST;227.22;test213
CINN.ST;https://www.swedishbulls.com/SignalPage.aspx?lang=en&Ticker=CINN.ST;226.22;test214
CLEANT-A.ST;https://www.swedishbulls.com/SignalPage.aspx?lang=en&Ticker=CLEANT-A.ST;225.73;test215
LLSW-B.ST;https://www.swedishbulls.com/SignalPage.aspx?lang=en&Ticker=LLSW-B.ST;224.97;test216
IS.ST;https://www.swedishbulls.com/SignalPage.aspx?lang=en&Ticker=IS.ST;224.89;test217
SAGA-A.ST;https://www.swedishbulls.com/SignalPage.aspx?lang=en&Ticker=SAGA-A.ST;224.3;test218
XVIVO.ST;https://www.swedishbulls.com/SignalPage.aspx?lang=en&Ticker=XVIVO.ST;224.21;test219
NOTE.ST;https://www.swedishbulls.com/SignalPage.aspx?lang=en&Ticker=NOTE.ST;222.7;test220
PLED.ST;https://www.swedishbulls.com/SignalPage.aspx?lang=en&Ticker=PLED.ST;222.28;test221
CAT-B.ST;https://www.swedishbulls.com/SignalPage.aspx?lang=en&Ticker=CAT-B.ST;222.24;test222
ODD.ST;https://www.swedishbulls.com/SignalPage.aspx?lang=en&Ticker=ODD.ST;222.21;test223
THQN-B.ST;https://www.swedishbulls.com/SignalPage.aspx?lang=en&Ticker=THQN-B.ST;221.63;test224
STE-A.ST;https://www.swedishbulls.com/SignalPage.aspx?lang=en&Ticker=STE-A.ST;220.98;test225
CAPAC.ST;https://www.swedishbulls.com/SignalPage.aspx?lang=en&Ticker=CAPAC.ST;220.87;test226
LUND-B.ST;https://www.swedishbulls.com/SignalPage.aspx?lang=en&Ticker=LUND-B.ST;220.45;test227
STRAX.ST;https://www.swedishbulls.com/SignalPage.aspx?lang=en&Ticker=STRAX.ST;220.41;test228
NIL-B.ST;https://www.swedishbulls.com/SignalPage.aspx?lang=en&Ticker=NIL-B.ST;220.27;test229
VBG-B.ST;https://www.swedishbulls.com/SignalPage.aspx?lang=en&Ticker=VBG-B.ST;218.94;test230
EOS.ST;https://www.swedishbulls.com/SignalPage.aspx?lang=en&Ticker=EOS.ST;217.63;test231
INVE-B.ST;https://www.swedishbulls.com/SignalPage.aspx?lang=en&Ticker=INVE-B.ST;217.21;test232
ACM.ST;https://www.swedishbulls.com/SignalPage.aspx?lang=en&Ticker=ACM.ST;216.87;test233
COIC.ST;https://www.swedishbulls.com/SignalPage.aspx?lang=en&Ticker=COIC.ST;215.67;test234
VERI.ST;https://www.swedishbulls.com/SignalPage.aspx?lang=en&Ticker=VERI.ST;215.61;test235
ALON-B.NGM;https://www.swedishbulls.com/SignalPage.aspx?lang=en&Ticker=ALON-B.NGM;215.11;test236
NIBE-B.ST;https://www.swedishbulls.com/SignalPage.aspx?lang=en&Ticker=NIBE-B.ST;214.09;test237
NGQ.ST;https://www.swedishbulls.com/SignalPage.aspx?lang=en&Ticker=NGQ.ST;213.87;test238
INDU-C.ST;https://www.swedishbulls.com/SignalPage.aspx?lang=en&Ticker=INDU-C.ST;213.54;test239
NOBINA.ST;https://www.swedishbulls.com/SignalPage.aspx?lang=en&Ticker=NOBINA.ST;213.47;test240
SOSIL.NGM;https://www.swedishbulls.com/SignalPage.aspx?lang=en&Ticker=SOSIL.NGM;213.44;test241
SWEC-B.ST;https://www.swedishbulls.com/SignalPage.aspx?lang=en&Ticker=SWEC-B.ST;213.18;test242
KAN.ST;https://www.swedishbulls.com/SignalPage.aspx?lang=en&Ticker=KAN.ST;212.51;test243
VOLV-A.ST;https://www.swedishbulls.com/SignalPage.aspx?lang=en&Ticker=VOLV-A.ST;212.17;test244
PNVA.NGM;https://www.swedishbulls.com/SignalPage.aspx?lang=en&Ticker=PNVA.NGM;212.13;test245
INDU-A.ST;https://www.swedishbulls.com/SignalPage.aspx?lang=en&Ticker=INDU-A.ST;212.08;test246
LEX.ST;https://www.swedishbulls.com/SignalPage.aspx?lang=en&Ticker=LEX.ST;212.02;test247
LATO-B.ST;https://www.swedishbulls.com/SignalPage.aspx?lang=en&Ticker=LATO-B.ST;211.55;test248
MCAP.ST;https://www.swedishbulls.com/SignalPage.aspx?lang=en&Ticker=MCAP.ST;211.37;test249
PACT.ST;https://www.swedishbulls.com/SignalPage.aspx?lang=en&Ticker=PACT.ST;210.52;test250
HPOL-B.ST;https://www.swedishbulls.com/SignalPage.aspx?lang=en&Ticker=HPOL-B.ST;210.42;test251
AQ.ST;https://www.swedishbulls.com/SignalPage.aspx?lang=en&Ticker=AQ.ST;209.84;test252
NMAN.ST;https://www.swedishbulls.com/SignalPage.aspx?lang=en&Ticker=NMAN.ST;209.45;test253
NET-B.ST;https://www.swedishbulls.com/SignalPage.aspx?lang=en&Ticker=NET-B.ST;208.28;test254
ORTI-B.ST;https://www.swedishbulls.com/SignalPage.aspx?lang=en&Ticker=ORTI-B.ST;208.07;test255
AVT-B.ST;https://www.swedishbulls.com/SignalPage.aspx?lang=en&Ticker=AVT-B.ST;207.88;test256
VEMF-SDB.ST;https://www.swedishbulls.com/SignalPage.aspx?lang=en&Ticker=VEMF-SDB.ST;207.49;test257
FABG.ST;https://www.swedishbulls.com/SignalPage.aspx?lang=en&Ticker=FABG.ST;207.06;test258
PEAB-B.ST;https://www.swedishbulls.com/SignalPage.aspx?lang=en&Ticker=PEAB-B.ST;206.35;test259
PRIC-B.ST;https://www.swedishbulls.com/SignalPage.aspx?lang=en&Ticker=PRIC-B.ST;205.42;test260
LAUR.ST;https://www.swedishbulls.com/SignalPage.aspx?lang=en&Ticker=LAUR.ST;204.91;test261
STEF-B.ST;https://www.swedishbulls.com/SignalPage.aspx?lang=en&Ticker=STEF-B.ST;204.69;test262
WISE.ST;https://www.swedishbulls.com/SignalPage.aspx?lang=en&Ticker=WISE.ST;204.22;test263
BALD-B.ST;https://www.swedishbulls.com/SignalPage.aspx?lang=en&Ticker=BALD-B.ST;204.2;test264
AZN.ST;https://www.swedishbulls.com/SignalPage.aspx?lang=en&Ticker=AZN.ST;204.04;test265
ZZ-B.ST;https://www.swedishbulls.com/SignalPage.aspx?lang=en&Ticker=ZZ-B.ST;203.65;test266
SAXG.ST;https://www.swedishbulls.com/SignalPage.aspx?lang=en&Ticker=SAXG.ST;203.58;test267
AAK.ST;https://www.swedishbulls.com/SignalPage.aspx?lang=en&Ticker=AAK.ST;203.48;test268
KNOW.ST;https://www.swedishbulls.com/SignalPage.aspx?lang=en&Ticker=KNOW.ST;202.52;test269
LAMM-B.ST;https://www.swedishbulls.com/SignalPage.aspx?lang=en&Ticker=LAMM-B.ST;201.92;test270
KINV-B.ST;https://www.swedishbulls.com/SignalPage.aspx?lang=en&Ticker=KINV-B.ST;201.46;test271
ENZY.ST;https://www.swedishbulls.com/SignalPage.aspx?lang=en&Ticker=ENZY.ST;200.57;test272
CRED-A.ST;https://www.swedishbulls.com/SignalPage.aspx?lang=en&Ticker=CRED-A.ST;200.47;test273
OBDU-B.NGM;https://www.swedishbulls.com/SignalPage.aspx?lang=en&Ticker=OBDU-B.NGM;200.21;test274
NDA-SEK.ST;https://www.swedishbulls.com/SignalPage.aspx?lang=en&Ticker=NDA-SEK.ST;199.44;test275
XACT-BEAR-2.ST;https://www.swedishbulls.com/SignalPage.aspx?lang=en&Ticker=XACT-BEAR-2.ST;199.43;test276
WIHL.ST;https://www.swedishbulls.com/SignalPage.aspx?lang=en&Ticker=WIHL.ST;199.3;test277
BORG.ST;https://www.swedishbulls.com/SignalPage.aspx?lang=en&Ticker=BORG.ST;199.14;test278
MSON-B.ST;https://www.swedishbulls.com/SignalPage.aspx?lang=en&Ticker=MSON-B.ST;198.84;test279
FNMA-PREF.ST;https://www.swedishbulls.com/SignalPage.aspx?lang=en&Ticker=FNMA-PREF.ST;198.6;test280
ADDT-B.ST;https://www.swedishbulls.com/SignalPage.aspx?lang=en&Ticker=ADDT-B.ST;198.13;test281
BILL.ST;https://www.swedishbulls.com/SignalPage.aspx?lang=en&Ticker=BILL.ST;197.9;test282
NCC-A.ST;https://www.swedishbulls.com/SignalPage.aspx?lang=en&Ticker=NCC-A.ST;197.5;test283
PFE.ST;https://www.swedishbulls.com/SignalPage.aspx?lang=en&Ticker=PFE.ST;197.39;test284
BILI-A.ST;https://www.swedishbulls.com/SignalPage.aspx?lang=en&Ticker=BILI-A.ST;197.25;test285
INWI.ST;https://www.swedishbulls.com/SignalPage.aspx?lang=en&Ticker=INWI.ST;196.02;test286
NUE.ST;https://www.swedishbulls.com/SignalPage.aspx?lang=en&Ticker=NUE.ST;195.99;test287
RNBS.ST;https://www.swedishbulls.com/SignalPage.aspx?lang=en&Ticker=RNBS.ST;195.67;test288
UTG.ST;https://www.swedishbulls.com/SignalPage.aspx?lang=en&Ticker=UTG.ST;195.49;test289
TEL2-A.ST;https://www.swedishbulls.com/SignalPage.aspx?lang=en&Ticker=TEL2-A.ST;194.39;test290
NEPA.ST;https://www.swedishbulls.com/SignalPage.aspx?lang=en&Ticker=NEPA.ST;194.32;test291
KONT.ST;https://www.swedishbulls.com/SignalPage.aspx?lang=en&Ticker=KONT.ST;194.17;test292
SPRINT.ST;https://www.swedishbulls.com/SignalPage.aspx?lang=en&Ticker=SPRINT.ST;193.8;test293
XINT.ST;https://www.swedishbulls.com/SignalPage.aspx?lang=en&Ticker=XINT.ST;193.64;test294
INVE-A.ST;https://www.swedishbulls.com/SignalPage.aspx?lang=en&Ticker=INVE-A.ST;193.54;test295
LUG.ST;https://www.swedishbulls.com/SignalPage.aspx?lang=en&Ticker=LUG.ST;192.91;test296
CASO.ST;https://www.swedishbulls.com/SignalPage.aspx?lang=en&Ticker=CASO.ST;192.67;test297
ARP.ST;https://www.swedishbulls.com/SignalPage.aspx?lang=en&Ticker=ARP.ST;192.66;test298
ABB.ST;https://www.swedishbulls.com/SignalPage.aspx?lang=en&Ticker=ABB.ST;192.12;test299
EOLU-B.ST;https://www.swedishbulls.com/SignalPage.aspx?lang=en&Ticker=EOLU-B.ST;192.03;test300
ARISE.ST;https://www.swedishbulls.com/SignalPage.aspx?lang=en&Ticker=ARISE.ST;191.65;test301
SWOL-B.ST;https://www.swedishbulls.com/SignalPage.aspx?lang=en&Ticker=SWOL-B.ST;191.18;test302
SOLT.ST;https://www.swedishbulls.com/SignalPage.aspx?lang=en&Ticker=SOLT.ST;191.01;test303
BETS-B.ST;https://www.swedishbulls.com/SignalPage.aspx?lang=en&Ticker=BETS-B.ST;190.99;test304
SKF-A.ST;https://www.swedishbulls.com/SignalPage.aspx?lang=en&Ticker=SKF-A.ST;190.35;test305
HUSQ-A.ST;https://www.swedishbulls.com/SignalPage.aspx?lang=en&Ticker=HUSQ-A.ST;189.51;test306
NCC-B.ST;https://www.swedishbulls.com/SignalPage.aspx?lang=en&Ticker=NCC-B.ST;189.27;test307
ANOD-B.ST;https://www.swedishbulls.com/SignalPage.aspx?lang=en&Ticker=ANOD-B.ST;189.09;test308
REZT.ST;https://www.swedishbulls.com/SignalPage.aspx?lang=en&Ticker=REZT.ST;188.54;test309
TCT.ST;https://www.swedishbulls.com/SignalPage.aspx?lang=en&Ticker=TCT.ST;187.89;test310
SVOL-A.ST;https://www.swedishbulls.com/SignalPage.aspx?lang=en&Ticker=SVOL-A.ST;187.87;test311
BEIA-B.ST;https://www.swedishbulls.com/SignalPage.aspx?lang=en&Ticker=BEIA-B.ST;187.74;test312
ATRLJ-B.ST;https://www.swedishbulls.com/SignalPage.aspx?lang=en&Ticker=ATRLJ-B.ST;187.56;test313
HEMF.ST;https://www.swedishbulls.com/SignalPage.aspx?lang=en&Ticker=HEMF.ST;187.52;test314
MTG-B.ST;https://www.swedishbulls.com/SignalPage.aspx?lang=en&Ticker=MTG-B.ST;187.08;test315
MELK.ST;https://www.swedishbulls.com/SignalPage.aspx?lang=en&Ticker=MELK.ST;187.03;test316
SECU-B.ST;https://www.swedishbulls.com/SignalPage.aspx?lang=en&Ticker=SECU-B.ST;186.68;test317
MEKO.ST;https://www.swedishbulls.com/SignalPage.aspx?lang=en&Ticker=MEKO.ST;186.18;test318
AF-B.ST;https://www.swedishbulls.com/SignalPage.aspx?lang=en&Ticker=AF-B.ST;186.08;test319
SKF-B.ST;https://www.swedishbulls.com/SignalPage.aspx?lang=en&Ticker=SKF-B.ST;185.76;test320
COMH.ST;https://www.swedishbulls.com/SignalPage.aspx?lang=en&Ticker=COMH.ST;185.45;test321
BULTEN.ST;https://www.swedishbulls.com/SignalPage.aspx?lang=en&Ticker=BULTEN.ST;184.97;test322
BEIJ-B.ST;https://www.swedishbulls.com/SignalPage.aspx?lang=en&Ticker=BEIJ-B.ST;184.77;test323
ELUX-B.ST;https://www.swedishbulls.com/SignalPage.aspx?lang=en&Ticker=ELUX-B.ST;184.04;test324
SECT-B.ST;https://www.swedishbulls.com/SignalPage.aspx?lang=en&Ticker=SECT-B.ST;183.24;test325
SAND.ST;https://www.swedishbulls.com/SignalPage.aspx?lang=en&Ticker=SAND.ST;182.81;test326
INISS-B.ST;https://www.swedishbulls.com/SignalPage.aspx?lang=en&Ticker=INISS-B.ST;181.97;test327
VNV-SDB.ST;https://www.swedishbulls.com/SignalPage.aspx?lang=en&Ticker=VNV-SDB.ST;181.67;test328
JAYS.ST;https://www.swedishbulls.com/SignalPage.aspx?lang=en&Ticker=JAYS.ST;181.45;test329
CCC.ST;https://www.swedishbulls.com/SignalPage.aspx?lang=en&Ticker=CCC.ST;180.42;test330
PIEZO.ST;https://www.swedishbulls.com/SignalPage.aspx?lang=en&Ticker=PIEZO.ST;180;test331
ALIRA-B.ST;https://www.swedishbulls.com/SignalPage.aspx?lang=en&Ticker=ALIRA-B.ST;179.67;test332
RATO-B.ST;https://www.swedishbulls.com/SignalPage.aspx?lang=en&Ticker=RATO-B.ST;179.32;test333
OBAB.ST;https://www.swedishbulls.com/SignalPage.aspx?lang=en&Ticker=OBAB.ST;179.31;test334
HOFI.ST;https://www.swedishbulls.com/SignalPage.aspx?lang=en&Ticker=HOFI.ST;179.21;test335
BWL.ST;https://www.swedishbulls.com/SignalPage.aspx?lang=en&Ticker=BWL.ST;178.26;test336
AROC.ST;https://www.swedishbulls.com/SignalPage.aspx?lang=en&Ticker=AROC.ST;178.01;test337
LEO.ST;https://www.swedishbulls.com/SignalPage.aspx?lang=en&Ticker=LEO.ST;177.65;test338
FPIP.ST;https://www.swedishbulls.com/SignalPage.aspx?lang=en&Ticker=FPIP.ST;176.92;test339
HUSQ-B.ST;https://www.swedishbulls.com/SignalPage.aspx?lang=en&Ticker=HUSQ-B.ST;175.3;test340
LIAB.ST;https://www.swedishbulls.com/SignalPage.aspx?lang=en&Ticker=LIAB.ST;175.21;test341
CORE.ST;https://www.swedishbulls.com/SignalPage.aspx?lang=en&Ticker=CORE.ST;174.31;test342
SAGA-B.ST;https://www.swedishbulls.com/SignalPage.aspx?lang=en&Ticker=SAGA-B.ST;173.97;test343
HANZA.ST;https://www.swedishbulls.com/SignalPage.aspx?lang=en&Ticker=HANZA.ST;173.94;test344
SF.ST;https://www.swedishbulls.com/SignalPage.aspx?lang=en&Ticker=SF.ST;173.88;test345
CLAS-B.ST;https://www.swedishbulls.com/SignalPage.aspx?lang=en&Ticker=CLAS-B.ST;173.84;test346
IJ.ST;https://www.swedishbulls.com/SignalPage.aspx?lang=en&Ticker=IJ.ST;173.43;test347
GRNG.ST;https://www.swedishbulls.com/SignalPage.aspx?lang=en&Ticker=GRNG.ST;173.2;test348
ELUX-A.ST;https://www.swedishbulls.com/SignalPage.aspx?lang=en&Ticker=ELUX-A.ST;172.97;test349
KLAR.ST;https://www.swedishbulls.com/SignalPage.aspx?lang=en&Ticker=KLAR.ST;172.96;test350
WALL-B.ST;https://www.swedishbulls.com/SignalPage.aspx?lang=en&Ticker=WALL-B.ST;172.52;test351
ATT.ST;https://www.swedishbulls.com/SignalPage.aspx?lang=en&Ticker=ATT.ST;172.12;test352
DOM.ST;https://www.swedishbulls.com/SignalPage.aspx?lang=en&Ticker=DOM.ST;171.77;test353
ALIF-B.ST;https://www.swedishbulls.com/SignalPage.aspx?lang=en&Ticker=ALIF-B.ST;170.9;test354
HEMC-TO1.ST;https://www.swedishbulls.com/SignalPage.aspx?lang=en&Ticker=HEMC-TO1.ST;170.77;test355
MAHA-A-TO-1.ST;https://www.swedishbulls.com/SignalPage.aspx?lang=en&Ticker=MAHA-A-TO-1.ST;170.73;test356
NICO.ST;https://www.swedishbulls.com/SignalPage.aspx?lang=en&Ticker=NICO.ST;169.9;test357
OEM-B.ST;https://www.swedishbulls.com/SignalPage.aspx?lang=en&Ticker=OEM-B.ST;169.9;test358
VRG-B.ST;https://www.swedishbulls.com/SignalPage.aspx?lang=en&Ticker=VRG-B.ST;169.9;test359
STW.ST;https://www.swedishbulls.com/SignalPage.aspx?lang=en&Ticker=STW.ST;169.29;test360
ATCO-B.ST;https://www.swedishbulls.com/SignalPage.aspx?lang=en&Ticker=ATCO-B.ST;169.2;test361
XACT-OMXSB-UTD.ST;https://www.swedishbulls.com/SignalPage.aspx?lang=en&Ticker=XACT-OMXSB-UTD.ST;169.15;test362
XACT-BULL.ST;https://www.swedishbulls.com/SignalPage.aspx?lang=en&Ticker=XACT-BULL.ST;168.59;test363
DUNI.ST;https://www.swedishbulls.com/SignalPage.aspx?lang=en&Ticker=DUNI.ST;166.49;test364
RESURS.ST;https://www.swedishbulls.com/SignalPage.aspx?lang=en&Ticker=RESURS.ST;165.21;test365
SIMRIS-B.ST;https://www.swedishbulls.com/SignalPage.aspx?lang=en&Ticker=SIMRIS-B.ST;165.1;test366
CTM.ST;https://www.swedishbulls.com/SignalPage.aspx?lang=en&Ticker=CTM.ST;164.74;test367
CELLNK-B.ST;https://www.swedishbulls.com/SignalPage.aspx?lang=en&Ticker=CELLNK-B.ST;164.23;test368
SEB-C.ST;https://www.swedishbulls.com/SignalPage.aspx?lang=en&Ticker=SEB-C.ST;163.37;test369
AVEN.ST;https://www.swedishbulls.com/SignalPage.aspx?lang=en&Ticker=AVEN.ST;162.46;test370
DURC-B.ST;https://www.swedishbulls.com/SignalPage.aspx?lang=en&Ticker=DURC-B.ST;162.18;test371
CMOTEC-B.ST;https://www.swedishbulls.com/SignalPage.aspx?lang=en&Ticker=CMOTEC-B.ST;161.93;test372
HOLM-B.ST;https://www.swedishbulls.com/SignalPage.aspx?lang=en&Ticker=HOLM-B.ST;161.24;test373
ELTEL.ST;https://www.swedishbulls.com/SignalPage.aspx?lang=en&Ticker=ELTEL.ST;160.68;test374
ONCO.ST;https://www.swedishbulls.com/SignalPage.aspx?lang=en&Ticker=ONCO.ST;160.51;test375
CAST.ST;https://www.swedishbulls.com/SignalPage.aspx?lang=en&Ticker=CAST.ST;159.8;test376
ACAD.ST;https://www.swedishbulls.com/SignalPage.aspx?lang=en&Ticker=ACAD.ST;158.51;test377
MQ.ST;https://www.swedishbulls.com/SignalPage.aspx?lang=en&Ticker=MQ.ST;156.93;test378
PREV-B.ST;https://www.swedishbulls.com/SignalPage.aspx?lang=en&Ticker=PREV-B.ST;156.6;test379
TIEN.ST;https://www.swedishbulls.com/SignalPage.aspx?lang=en&Ticker=TIEN.ST;156.46;test380
PLAZ-B.ST;https://www.swedishbulls.com/SignalPage.aspx?lang=en&Ticker=PLAZ-B.ST;155.97;test381
TEL2-B.ST;https://www.swedishbulls.com/SignalPage.aspx?lang=en&Ticker=TEL2-B.ST;155.76;test382
NOKIA-SEK.ST;https://www.swedishbulls.com/SignalPage.aspx?lang=en&Ticker=NOKIA-SEK.ST;155.58;test383
ALFA.ST;https://www.swedishbulls.com/SignalPage.aspx?lang=en&Ticker=ALFA.ST;155.41;test384
HEXA-B.ST;https://www.swedishbulls.com/SignalPage.aspx?lang=en&Ticker=HEXA-B.ST;154.87;test385
SHB-A.ST;https://www.swedishbulls.com/SignalPage.aspx?lang=en&Ticker=SHB-A.ST;154.61;test386
CCOR-B.ST;https://www.swedishbulls.com/SignalPage.aspx?lang=en&Ticker=CCOR-B.ST;154.06;test387
AMAST.ST;https://www.swedishbulls.com/SignalPage.aspx?lang=en&Ticker=AMAST.ST;153.55;test388
EAST.ST;https://www.swedishbulls.com/SignalPage.aspx?lang=en&Ticker=EAST.ST;153.48;test389
XACT.ST;https://www.swedishbulls.com/SignalPage.aspx?lang=en&Ticker=XACT.ST;153.09;test390
ERIC-B.ST;https://www.swedishbulls.com/SignalPage.aspx?lang=en&Ticker=ERIC-B.ST;153.01;test391
BELE.ST;https://www.swedishbulls.com/SignalPage.aspx?lang=en&Ticker=BELE.ST;152.86;test392
ATCO-A.ST;https://www.swedishbulls.com/SignalPage.aspx?lang=en&Ticker=ATCO-A.ST;152.19;test393
SOBI.ST;https://www.swedishbulls.com/SignalPage.aspx?lang=en&Ticker=SOBI.ST;152.17;test394
MAHA-A.ST;https://www.swedishbulls.com/SignalPage.aspx?lang=en&Ticker=MAHA-A.ST;152.07;test395
SVED-B.ST;https://www.swedishbulls.com/SignalPage.aspx?lang=en&Ticker=SVED-B.ST;152.01;test396
SHOT.ST;https://www.swedishbulls.com/SignalPage.aspx?lang=en&Ticker=SHOT.ST;151.19;test397
BRE2.ST;https://www.swedishbulls.com/SignalPage.aspx?lang=en&Ticker=BRE2.ST;150.8;test398
SCA-A.ST;https://www.swedishbulls.com/SignalPage.aspx?lang=en&Ticker=SCA-A.ST;149.78;test399
GREAT.ST;https://www.swedishbulls.com/SignalPage.aspx?lang=en&Ticker=GREAT.ST;148.51;test400
GAPW-B.ST;https://www.swedishbulls.com/SignalPage.aspx?lang=en&Ticker=GAPW-B.ST;148.03;test401
TALK.ST;https://www.swedishbulls.com/SignalPage.aspx?lang=en&Ticker=TALK.ST;147.14;test402
PNDX-B.ST;https://www.swedishbulls.com/SignalPage.aspx?lang=en&Ticker=PNDX-B.ST;146.94;test403
CAPIO.ST;https://www.swedishbulls.com/SignalPage.aspx?lang=en&Ticker=CAPIO.ST;146.77;test404
BMAX.ST;https://www.swedishbulls.com/SignalPage.aspx?lang=en&Ticker=BMAX.ST;146.56;test405
GTAB%20B;https://www.swedishbulls.com/SignalPage.aspx?lang=en&Ticker=GTAB%20B;146.2;test406
RROS.ST;https://www.swedishbulls.com/SignalPage.aspx?lang=en&Ticker=RROS.ST;146.16;test407
THULE.ST;https://www.swedishbulls.com/SignalPage.aspx?lang=en&Ticker=THULE.ST;146.13;test408
CLX.ST;https://www.swedishbulls.com/SignalPage.aspx?lang=en&Ticker=CLX.ST;145.85;test409
DMYD-B.ST;https://www.swedishbulls.com/SignalPage.aspx?lang=en&Ticker=DMYD-B.ST;145.7;test410
GUNN.ST;https://www.swedishbulls.com/SignalPage.aspx?lang=en&Ticker=GUNN.ST;145.02;test411
HOYLU.ST;https://www.swedishbulls.com/SignalPage.aspx?lang=en&Ticker=HOYLU.ST;144.8;test412
HUFV-A.ST;https://www.swedishbulls.com/SignalPage.aspx?lang=en&Ticker=HUFV-A.ST;144.77;test413
NP3.ST;https://www.swedishbulls.com/SignalPage.aspx?lang=en&Ticker=NP3.ST;143.84;test414
XBRANE.ST;https://www.swedishbulls.com/SignalPage.aspx?lang=en&Ticker=XBRANE.ST;143.42;test415
GETI-B.ST;https://www.swedishbulls.com/SignalPage.aspx?lang=en&Ticker=GETI-B.ST;143.04;test416
KLED.ST;https://www.swedishbulls.com/SignalPage.aspx?lang=en&Ticker=KLED.ST;142.7;test417
CYXO.ST;https://www.swedishbulls.com/SignalPage.aspx?lang=en&Ticker=CYXO.ST;141.92;test418
SHB-B.ST;https://www.swedishbulls.com/SignalPage.aspx?lang=en&Ticker=SHB-B.ST;141.14;test419
ALLG-B.ST;https://www.swedishbulls.com/SignalPage.aspx?lang=en&Ticker=ALLG-B.ST;141.13;test420
MSON-A.ST;https://www.swedishbulls.com/SignalPage.aspx?lang=en&Ticker=MSON-A.ST;140.42;test421
AGES-B.ST;https://www.swedishbulls.com/SignalPage.aspx?lang=en&Ticker=AGES-B.ST;140.35;test422
AUTO.ST;https://www.swedishbulls.com/SignalPage.aspx?lang=en&Ticker=AUTO.ST;140.19;test423
CLA-B.ST;https://www.swedishbulls.com/SignalPage.aspx?lang=en&Ticker=CLA-B.ST;139.93;test424
SKA-B.ST;https://www.swedishbulls.com/SignalPage.aspx?lang=en&Ticker=SKA-B.ST;139.63;test425
HM-B.ST;https://www.swedishbulls.com/SignalPage.aspx?lang=en&Ticker=HM-B.ST;139.38;test426
NGS.ST;https://www.swedishbulls.com/SignalPage.aspx?lang=en&Ticker=NGS.ST;139.23;test427
CFISH.ST;https://www.swedishbulls.com/SignalPage.aspx?lang=en&Ticker=CFISH.ST;138.08;test428
SWED-A.ST;https://www.swedishbulls.com/SignalPage.aspx?lang=en&Ticker=SWED-A.ST;138;test429
DDM.ST;https://www.swedishbulls.com/SignalPage.aspx?lang=en&Ticker=DDM.ST;137.86;test430
AXIC-A.ST;https://www.swedishbulls.com/SignalPage.aspx?lang=en&Ticker=AXIC-A.ST;137.11;test431
ICA.ST;https://www.swedishbulls.com/SignalPage.aspx?lang=en&Ticker=ICA.ST;136.47;test432
FIRE.ST;https://www.swedishbulls.com/SignalPage.aspx?lang=en&Ticker=FIRE.ST;136.37;test433
GPX.ST;https://www.swedishbulls.com/SignalPage.aspx?lang=en&Ticker=GPX.ST;136.06;test434
XACT-SMABOLAG.ST;https://www.swedishbulls.com/SignalPage.aspx?lang=en&Ticker=XACT-SMABOLAG.ST;135.63;test435
TGATE.NGM;https://www.swedishbulls.com/SignalPage.aspx?lang=en&Ticker=TGATE.NGM;135.62;test436
SJR-B.ST;https://www.swedishbulls.com/SignalPage.aspx?lang=en&Ticker=SJR-B.ST;135.49;test437
AXFO.ST;https://www.swedishbulls.com/SignalPage.aspx?lang=en&Ticker=AXFO.ST;135.2;test438
SCA-B.ST;https://www.swedishbulls.com/SignalPage.aspx?lang=en&Ticker=SCA-B.ST;134.35;test439
SCST.ST;https://www.swedishbulls.com/SignalPage.aspx?lang=en&Ticker=SCST.ST;133.85;test440
ASSA-B.ST;https://www.swedishbulls.com/SignalPage.aspx?lang=en&Ticker=ASSA-B.ST;133.84;test441
AAC-TO1.ST;https://www.swedishbulls.com/SignalPage.aspx?lang=en&Ticker=AAC-TO1.ST;133.41;test442
NICKE.NGM;https://www.swedishbulls.com/SignalPage.aspx?lang=en&Ticker=NICKE.NGM;132.91;test443
XSPX.ST;https://www.swedishbulls.com/SignalPage.aspx?lang=en&Ticker=XSPX.ST;132.37;test444
DIOS.ST;https://www.swedishbulls.com/SignalPage.aspx?lang=en&Ticker=DIOS.ST;132.12;test445
HOLM-A.ST;https://www.swedishbulls.com/SignalPage.aspx?lang=en&Ticker=HOLM-A.ST;132.06;test446
MINEST.ST;https://www.swedishbulls.com/SignalPage.aspx?lang=en&Ticker=MINEST.ST;131.89;test447
SWMA.ST;https://www.swedishbulls.com/SignalPage.aspx?lang=en&Ticker=SWMA.ST;130.39;test448
ELOS-B.ST;https://www.swedishbulls.com/SignalPage.aspx?lang=en&Ticker=ELOS-B.ST;130.3;test449
AMAST-PREF.ST;https://www.swedishbulls.com/SignalPage.aspx?lang=en&Ticker=AMAST-PREF.ST;130.06;test450
ALCA.ST;https://www.swedishbulls.com/SignalPage.aspx?lang=en&Ticker=ALCA.ST;129.58;test451
SEB-A.ST;https://www.swedishbulls.com/SignalPage.aspx?lang=en&Ticker=SEB-A.ST;129.57;test452
HEIM-PREF.ST;https://www.swedishbulls.com/SignalPage.aspx?lang=en&Ticker=HEIM-PREF.ST;129.17;test453
EDGE.ST;https://www.swedishbulls.com/SignalPage.aspx?lang=en&Ticker=EDGE.ST;128.45;test454
MEAB-B.ST;https://www.swedishbulls.com/SignalPage.aspx?lang=en&Ticker=MEAB-B.ST;127.9;test455
ERIC-A.ST;https://www.swedishbulls.com/SignalPage.aspx?lang=en&Ticker=ERIC-A.ST;127.83;test456
SONE.ST;https://www.swedishbulls.com/SignalPage.aspx?lang=en&Ticker=SONE.ST;127.73;test457
IPCO.ST;https://www.swedishbulls.com/SignalPage.aspx?lang=en&Ticker=IPCO.ST;127.54;test458
CATE.ST;https://www.swedishbulls.com/SignalPage.aspx?lang=en&Ticker=CATE.ST;127.47;test459
SOF-B.ST;https://www.swedishbulls.com/SignalPage.aspx?lang=en&Ticker=SOF-B.ST;126.89;test460
HIFA-B.ST;https://www.swedishbulls.com/SignalPage.aspx?lang=en&Ticker=HIFA-B.ST;126.7;test461
CORE-PREF.ST;https://www.swedishbulls.com/SignalPage.aspx?lang=en&Ticker=CORE-PREF.ST;126.65;test462
KLOV-PREF.ST;https://www.swedishbulls.com/SignalPage.aspx?lang=en&Ticker=KLOV-PREF.ST;126.45;test463
CAT-A.ST;https://www.swedishbulls.com/SignalPage.aspx?lang=en&Ticker=CAT-A.ST;126.16;test464
SEYE.ST;https://www.swedishbulls.com/SignalPage.aspx?lang=en&Ticker=SEYE.ST;125.28;test465
RTC.ST;https://www.swedishbulls.com/SignalPage.aspx?lang=en&Ticker=RTC.ST;124.4;test466
GAPW-TO-1B.ST;https://www.swedishbulls.com/SignalPage.aspx?lang=en&Ticker=GAPW-TO-1B.ST;124.3;test467
BONAV-B.ST;https://www.swedishbulls.com/SignalPage.aspx?lang=en&Ticker=BONAV-B.ST;124.03;test468
PRCO-B.ST;https://www.swedishbulls.com/SignalPage.aspx?lang=en&Ticker=PRCO-B.ST;123.91;test469
XACT-NORDEN-30.ST;https://www.swedishbulls.com/SignalPage.aspx?lang=en&Ticker=XACT-NORDEN-30.ST;123.64;test470
AKEL-PREF.ST;https://www.swedishbulls.com/SignalPage.aspx?lang=en&Ticker=AKEL-PREF.ST;123.34;test471
ISR.ST;https://www.swedishbulls.com/SignalPage.aspx?lang=en&Ticker=ISR.ST;122.95;test472
FIL.ST;https://www.swedishbulls.com/SignalPage.aspx?lang=en&Ticker=FIL.ST;122.75;test473
SRNKE-B.ST;https://www.swedishbulls.com/SignalPage.aspx?lang=en&Ticker=SRNKE-B.ST;122.58;test474
SYSR.ST;https://www.swedishbulls.com/SignalPage.aspx?lang=en&Ticker=SYSR.ST;122.03;test475
BALD-PREF.ST;https://www.swedishbulls.com/SignalPage.aspx?lang=en&Ticker=BALD-PREF.ST;121.97;test476
MANTEX.ST;https://www.swedishbulls.com/SignalPage.aspx?lang=en&Ticker=MANTEX.ST;121.47;test477
ADDERA.ST;https://www.swedishbulls.com/SignalPage.aspx?lang=en&Ticker=ADDERA.ST;121.34;test478
GUGEO.NGM;https://www.swedishbulls.com/SignalPage.aspx?lang=en&Ticker=GUGEO.NGM;121.01;test479
HEMF-PREF.ST;https://www.swedishbulls.com/SignalPage.aspx?lang=en&Ticker=HEMF-PREF.ST;120.35;test480
HUM.ST;https://www.swedishbulls.com/SignalPage.aspx?lang=en&Ticker=HUM.ST;120.1;test481
VICP-PREF.ST;https://www.swedishbulls.com/SignalPage.aspx?lang=en&Ticker=VICP-PREF.ST;119.92;test482
ORGC.ST;https://www.swedishbulls.com/SignalPage.aspx?lang=en&Ticker=ORGC.ST;119.76;test483
XMWO.ST;https://www.swedishbulls.com/SignalPage.aspx?lang=en&Ticker=XMWO.ST;119.61;test484
SAGA-PREF.ST;https://www.swedishbulls.com/SignalPage.aspx?lang=en&Ticker=SAGA-PREF.ST;119.29;test485
BONAV-A.ST;https://www.swedishbulls.com/SignalPage.aspx?lang=en&Ticker=BONAV-A.ST;119.16;test486
XMEM.ST;https://www.swedishbulls.com/SignalPage.aspx?lang=en&Ticker=XMEM.ST;119.03;test487
UFLX-B.ST;https://www.swedishbulls.com/SignalPage.aspx?lang=en&Ticker=UFLX-B.ST;118.84;test488
B3IT.ST;https://www.swedishbulls.com/SignalPage.aspx?lang=en&Ticker=B3IT.ST;118.74;test489
CLEMO.ST;https://www.swedishbulls.com/SignalPage.aspx?lang=en&Ticker=CLEMO.ST;118.15;test490
VOLO.ST;https://www.swedishbulls.com/SignalPage.aspx?lang=en&Ticker=VOLO.ST;118.06;test491
XACT-BEAR.ST;https://www.swedishbulls.com/SignalPage.aspx?lang=en&Ticker=XACT-BEAR.ST;117.85;test492
CHRO.ST;https://www.swedishbulls.com/SignalPage.aspx?lang=en&Ticker=CHRO.ST;117.3;test493
DUST.ST;https://www.swedishbulls.com/SignalPage.aspx?lang=en&Ticker=DUST.ST;117.04;test494
AIK-B.NGM;https://www.swedishbulls.com/SignalPage.aspx?lang=en&Ticker=AIK-B.NGM;115.98;test495
POOL-B.ST;https://www.swedishbulls.com/SignalPage.aspx?lang=en&Ticker=POOL-B.ST;115.77;test496
66669.ST;https://www.swedishbulls.com/SignalPage.aspx?lang=en&Ticker=66669.ST;115.75;test497
POLYG.ST;https://www.swedishbulls.com/SignalPage.aspx?lang=en&Ticker=POLYG.ST;115.53;test498
IVACC.ST;https://www.swedishbulls.com/SignalPage.aspx?lang=en&Ticker=IVACC.ST;114.63;test499
PDX.ST;https://www.swedishbulls.com/SignalPage.aspx?lang=en&Ticker=PDX.ST;114.63;test500
MPI.ST;https://www.swedishbulls.com/SignalPage.aspx?lang=en&Ticker=MPI.ST;114.56;test501
K2A-PREF.ST;https://www.swedishbulls.com/SignalPage.aspx?lang=en&Ticker=K2A-PREF.ST;113.59;test502
BRG-B.ST;https://www.swedishbulls.com/SignalPage.aspx?lang=en&Ticker=BRG-B.ST;113.36;test503
BTS-B.ST;https://www.swedishbulls.com/SignalPage.aspx?lang=en&Ticker=BTS-B.ST;113.08;test504
SDIP-PREF.ST;https://www.swedishbulls.com/SignalPage.aspx?lang=en&Ticker=SDIP-PREF.ST;113.07;test505
KAPIAB.ST;https://www.swedishbulls.com/SignalPage.aspx?lang=en&Ticker=KAPIAB.ST;112.24;test506
MIPS.ST;https://www.swedishbulls.com/SignalPage.aspx?lang=en&Ticker=MIPS.ST;112.16;test507
INDEX.ST;https://www.swedishbulls.com/SignalPage.aspx?lang=en&Ticker=INDEX.ST;111.31;test508
TLSN.ST;https://www.swedishbulls.com/SignalPage.aspx?lang=en&Ticker=TLSN.ST;111.1;test509
TFBANK.ST;https://www.swedishbulls.com/SignalPage.aspx?lang=en&Ticker=TFBANK.ST;110.72;test510
MTG-A.ST;https://www.swedishbulls.com/SignalPage.aspx?lang=en&Ticker=MTG-A.ST;110.52;test511
VOLO-PREF.ST;https://www.swedishbulls.com/SignalPage.aspx?lang=en&Ticker=VOLO-PREF.ST;108.77;test512
BRIN-B.ST;https://www.swedishbulls.com/SignalPage.aspx?lang=en&Ticker=BRIN-B.ST;108.52;test513
ENG.ST;https://www.swedishbulls.com/SignalPage.aspx?lang=en&Ticker=ENG.ST;108.03;test514
BRAV.ST;https://www.swedishbulls.com/SignalPage.aspx?lang=en&Ticker=BRAV.ST;107.83;test515
AHSL.ST;https://www.swedishbulls.com/SignalPage.aspx?lang=en&Ticker=AHSL.ST;107.23;test516
MULT.NGM;https://www.swedishbulls.com/SignalPage.aspx?lang=en&Ticker=MULT.NGM;107.07;test517
SECI.ST;https://www.swedishbulls.com/SignalPage.aspx?lang=en&Ticker=SECI.ST;107.03;test518
SAS-PREF.ST;https://www.swedishbulls.com/SignalPage.aspx?lang=en&Ticker=SAS-PREF.ST;106.47;test519
AAC.ST;https://www.swedishbulls.com/SignalPage.aspx?lang=en&Ticker=AAC.ST;106.43;test520
EFFP.ST;https://www.swedishbulls.com/SignalPage.aspx?lang=en&Ticker=EFFP.ST;106.42;test521
BIOVIC-B.ST;https://www.swedishbulls.com/SignalPage.aspx?lang=en&Ticker=BIOVIC-B.ST;106.17;test522
NWG.ST;https://www.swedishbulls.com/SignalPage.aspx?lang=en&Ticker=NWG.ST;105.63;test523
LUMI.ST;https://www.swedishbulls.com/SignalPage.aspx?lang=en&Ticker=LUMI.ST;105.62;test524
ZETA-PREF.ST;https://www.swedishbulls.com/SignalPage.aspx?lang=en&Ticker=ZETA-PREF.ST;105.44;test525
AXIS.ST;https://www.swedishbulls.com/SignalPage.aspx?lang=en&Ticker=AXIS.ST;105.36;test526
RENT.NGM;https://www.swedishbulls.com/SignalPage.aspx?lang=en&Ticker=RENT.NGM;105.27;test527
MATRA.ST;https://www.swedishbulls.com/SignalPage.aspx?lang=en&Ticker=MATRA.ST;105.26;test528
HANC-PREF-A.ST;https://www.swedishbulls.com/SignalPage.aspx?lang=en&Ticker=HANC-PREF-A.ST;105.21;test529
SAGA-D.ST;https://www.swedishbulls.com/SignalPage.aspx?lang=en&Ticker=SAGA-D.ST;105.19;test530
RISEN.NGM;https://www.swedishbulls.com/SignalPage.aspx?lang=en&Ticker=RISEN.NGM;104.94;test531
TOBIN.ST;https://www.swedishbulls.com/SignalPage.aspx?lang=en&Ticker=TOBIN.ST;104.34;test532
AMBEA.ST;https://www.swedishbulls.com/SignalPage.aspx?lang=en&Ticker=AMBEA.ST;104.18;test533
OLDM.ST;https://www.swedishbulls.com/SignalPage.aspx?lang=en&Ticker=OLDM.ST;103.57;test534
BUSER.ST;https://www.swedishbulls.com/SignalPage.aspx?lang=en&Ticker=BUSER.ST;103.2;test535
UNIBAP.ST;https://www.swedishbulls.com/SignalPage.aspx?lang=en&Ticker=UNIBAP.ST;102.52;test536
OP-PREF.ST;https://www.swedishbulls.com/SignalPage.aspx?lang=en&Ticker=OP-PREF.ST;102.47;test537
TRENT.ST;https://www.swedishbulls.com/SignalPage.aspx?lang=en&Ticker=TRENT.ST;102.32;test538
INSTAL.ST;https://www.swedishbulls.com/SignalPage.aspx?lang=en&Ticker=INSTAL.ST;102.12;test539
CBTT-B.ST;https://www.swedishbulls.com/SignalPage.aspx?lang=en&Ticker=CBTT-B.ST;101.95;test540
SDIP-B.ST;https://www.swedishbulls.com/SignalPage.aspx?lang=en&Ticker=SDIP-B.ST;101.79;test541
DRIL.ST;https://www.swedishbulls.com/SignalPage.aspx?lang=en&Ticker=DRIL.ST;101.74;test542
MTRS.ST;https://www.swedishbulls.com/SignalPage.aspx?lang=en&Ticker=MTRS.ST;101.66;test543
BONG.ST;https://www.swedishbulls.com/SignalPage.aspx?lang=en&Ticker=BONG.ST;101.48;test544
A1M-TO.ST;https://www.swedishbulls.com/SignalPage.aspx?lang=en&Ticker=A1M-TO.ST;101.33;test545
XMR.ST;https://www.swedishbulls.com/SignalPage.aspx?lang=en&Ticker=XMR.ST;101.3;test546
AGORA-PREF.ST;https://www.swedishbulls.com/SignalPage.aspx?lang=en&Ticker=AGORA-PREF.ST;101.24;test547
PRLD.NGM;https://www.swedishbulls.com/SignalPage.aspx?lang=en&Ticker=PRLD.NGM;101.04;test548
QUART-PREF.ST;https://www.swedishbulls.com/SignalPage.aspx?lang=en&Ticker=QUART-PREF.ST;100.77;test549
SAPIAB.ST;https://www.swedishbulls.com/SignalPage.aspx?lang=en&Ticker=SAPIAB.ST;100.26;test550
EXPRS2.ST;https://www.swedishbulls.com/SignalPage.aspx?lang=en&Ticker=EXPRS2.ST;100.13;test551
ELEC.ST;https://www.swedishbulls.com/SignalPage.aspx?lang=en&Ticker=ELEC.ST;99.93;test552
BIOS.ST;https://www.swedishbulls.com/SignalPage.aspx?lang=en&Ticker=BIOS.ST;99.85;test553
BOOZT.ST;https://www.swedishbulls.com/SignalPage.aspx?lang=en&Ticker=BOOZT.ST;99.85;test554
BRIG-TO3.ST;https://www.swedishbulls.com/SignalPage.aspx?lang=en&Ticker=BRIG-TO3.ST;99.85;test555
ENERS.ST;https://www.swedishbulls.com/SignalPage.aspx?lang=en&Ticker=ENERS.ST;99.85;test556
SUSW.ST;https://www.swedishbulls.com/SignalPage.aspx?lang=en&Ticker=SUSW.ST;99.85;test557
ZAPLOX.ST;https://www.swedishbulls.com/SignalPage.aspx?lang=en&Ticker=ZAPLOX.ST;99.85;test558
FOOT-PREF.ST;https://www.swedishbulls.com/SignalPage.aspx?lang=en&Ticker=FOOT-PREF.ST;99.52;test559
HOGK-PREF-A.ST;https://www.swedishbulls.com/SignalPage.aspx?lang=en&Ticker=HOGK-PREF-A.ST;99.09;test560
DIAH.ST;https://www.swedishbulls.com/SignalPage.aspx?lang=en&Ticker=DIAH.ST;99.06;test561
NTGRP.NGM;https://www.swedishbulls.com/SignalPage.aspx?lang=en&Ticker=NTGRP.NGM;99.03;test562
ATIC.ST;https://www.swedishbulls.com/SignalPage.aspx?lang=en&Ticker=ATIC.ST;98.98;test563
SECARE.ST;https://www.swedishbulls.com/SignalPage.aspx?lang=en&Ticker=SECARE.ST;98.94;test564
GENO.ST;https://www.swedishbulls.com/SignalPage.aspx?lang=en&Ticker=GENO.ST;98.46;test565
TANGI.ST;https://www.swedishbulls.com/SignalPage.aspx?lang=en&Ticker=TANGI.ST;97.85;test566
FPAR-PREF.ST;https://www.swedishbulls.com/SignalPage.aspx?lang=en&Ticker=FPAR-PREF.ST;97.79;test567
MACK-B.ST;https://www.swedishbulls.com/SignalPage.aspx?lang=en&Ticker=MACK-B.ST;97.79;test568
HEBA-B.ST;https://www.swedishbulls.com/SignalPage.aspx?lang=en&Ticker=HEBA-B.ST;97.77;test569
ABIGR.NGM;https://www.swedishbulls.com/SignalPage.aspx?lang=en&Ticker=ABIGR.NGM;97.37;test570
MCOV-B.ST;https://www.swedishbulls.com/SignalPage.aspx?lang=en&Ticker=MCOV-B.ST;97.15;test571
PEGRO-PREF.ST;https://www.swedishbulls.com/SignalPage.aspx?lang=en&Ticker=PEGRO-PREF.ST;96.98;test572
AVEG-B.ST;https://www.swedishbulls.com/SignalPage.aspx?lang=en&Ticker=AVEG-B.ST;96.82;test573
ATORX.ST;https://www.swedishbulls.com/SignalPage.aspx?lang=en&Ticker=ATORX.ST;96.71;test574
ANNX.ST;https://www.swedishbulls.com/SignalPage.aspx?lang=en&Ticker=ANNX.ST;96.69;test575
NHCBHFFS.ST;https://www.swedishbulls.com/SignalPage.aspx?lang=en&Ticker=NHCBHFFS.ST;96.38;test576
NTEK-B.ST;https://www.swedishbulls.com/SignalPage.aspx?lang=en&Ticker=NTEK-B.ST;95.51;test577
XACTHDIV.ST;https://www.swedishbulls.com/SignalPage.aspx?lang=en&Ticker=XACTHDIV.ST;95.5;test578
FMM-B.ST;https://www.swedishbulls.com/SignalPage.aspx?lang=en&Ticker=FMM-B.ST;95.3;test579
ALM-PREF.ST;https://www.swedishbulls.com/SignalPage.aspx?lang=en&Ticker=ALM-PREF.ST;95.03;test580
GPG-PREF.ST;https://www.swedishbulls.com/SignalPage.aspx?lang=en&Ticker=GPG-PREF.ST;94.62;test581
TCC.ST;https://www.swedishbulls.com/SignalPage.aspx?lang=en&Ticker=TCC.ST;93.81;test582
SSM.ST;https://www.swedishbulls.com/SignalPage.aspx?lang=en&Ticker=SSM.ST;93.73;test583
IVISYS.ST;https://www.swedishbulls.com/SignalPage.aspx?lang=en&Ticker=IVISYS.ST;92.74;test584
OP-PREFB.ST;https://www.swedishbulls.com/SignalPage.aspx?lang=en&Ticker=OP-PREFB.ST;92.57;test585
MAXF.ST;https://www.swedishbulls.com/SignalPage.aspx?lang=en&Ticker=MAXF.ST;92.52;test586
TERRNT-B.ST;https://www.swedishbulls.com/SignalPage.aspx?lang=en&Ticker=TERRNT-B.ST;92.3;test587
DEFL-B.ST;https://www.swedishbulls.com/SignalPage.aspx?lang=en&Ticker=DEFL-B.ST;92.15;test588
ISOFOL.ST;https://www.swedishbulls.com/SignalPage.aspx?lang=en&Ticker=ISOFOL.ST;91.42;test589
SINT.ST;https://www.swedishbulls.com/SignalPage.aspx?lang=en&Ticker=SINT.ST;91.24;test590
OBDU-PREF-B.NGM;https://www.swedishbulls.com/SignalPage.aspx?lang=en&Ticker=OBDU-PREF-B.NGM;90.55;test591
BYGGP.ST;https://www.swedishbulls.com/SignalPage.aspx?lang=en&Ticker=BYGGP.ST;90.38;test592
MAXK.ST;https://www.swedishbulls.com/SignalPage.aspx?lang=en&Ticker=MAXK.ST;90.33;test593
PALS-B.ST;https://www.swedishbulls.com/SignalPage.aspx?lang=en&Ticker=PALS-B.ST;89.38;test594
NAXS.ST;https://www.swedishbulls.com/SignalPage.aspx?lang=en&Ticker=NAXS.ST;87.39;test595
IQSE.NGM;https://www.swedishbulls.com/SignalPage.aspx?lang=en&Ticker=IQSE.NGM;87.25;test596
ADDV-B.ST;https://www.swedishbulls.com/SignalPage.aspx?lang=en&Ticker=ADDV-B.ST;87.19;test597
KARE.ST;https://www.swedishbulls.com/SignalPage.aspx?lang=en&Ticker=KARE.ST;86.7;test598
AINO.ST;https://www.swedishbulls.com/SignalPage.aspx?lang=en&Ticker=AINO.ST;85.68;test599
AERO.ST;https://www.swedishbulls.com/SignalPage.aspx?lang=en&Ticker=AERO.ST;85.42;test600
MIDW-B.ST;https://www.swedishbulls.com/SignalPage.aspx?lang=en&Ticker=MIDW-B.ST;85.02;test601
DELARK.ST;https://www.swedishbulls.com/SignalPage.aspx?lang=en&Ticker=DELARK.ST;84.38;test602
FRISQ.ST;https://www.swedishbulls.com/SignalPage.aspx?lang=en&Ticker=FRISQ.ST;83.8;test603
CLDRE-B.NGM;https://www.swedishbulls.com/SignalPage.aspx?lang=en&Ticker=CLDRE-B.NGM;82.83;test604
MOMENT.ST;https://www.swedishbulls.com/SignalPage.aspx?lang=en&Ticker=MOMENT.ST;81.83;test605
XESC.ST;https://www.swedishbulls.com/SignalPage.aspx?lang=en&Ticker=XESC.ST;81.56;test606
ACARIX.ST;https://www.swedishbulls.com/SignalPage.aspx?lang=en&Ticker=ACARIX.ST;81.24;test607
ARCOMA.ST;https://www.swedishbulls.com/SignalPage.aspx?lang=en&Ticker=ARCOMA.ST;79.7;test608
ALELIO.ST;https://www.swedishbulls.com/SignalPage.aspx?lang=en&Ticker=ALELIO.ST;79.35;test609
HAV-B.ST;https://www.swedishbulls.com/SignalPage.aspx?lang=en&Ticker=HAV-B.ST;78.65;test610
TEONE.ST;https://www.swedishbulls.com/SignalPage.aspx?lang=en&Ticker=TEONE.ST;75.88;test611
SARSYS.NGM;https://www.swedishbulls.com/SignalPage.aspx?lang=en&Ticker=SARSYS.NGM;72.19;test612
LIFE%20B;https://www.swedishbulls.com/SignalPage.aspx?lang=en&Ticker=LIFE%20B;71.14;test613
MULQ.ST;https://www.swedishbulls.com/SignalPage.aspx?lang=en&Ticker=MULQ.ST;69.08;test614
KDEV.ST;https://www.swedishbulls.com/SignalPage.aspx?lang=en&Ticker=KDEV.ST;67.93;test615
INTU.ST;https://www.swedishbulls.com/SignalPage.aspx?lang=en&Ticker=INTU.ST;67.5;test616
ALELIO-TO-1.ST;https://www.swedishbulls.com/SignalPage.aspx?lang=en&Ticker=ALELIO-TO-1.ST;65.86;test617
ULED.NGM;https://www.swedishbulls.com/SignalPage.aspx?lang=en&Ticker=ULED.NGM;57.58;test618
ELN.ST;https://www.swedishbulls.com/SignalPage.aspx?lang=en&Ticker=ELN.ST;53.08;test619
BRIOX.NGM;https://www.swedishbulls.com/SignalPage.aspx?lang=en&Ticker=BRIOX.NGM;47.23;test620
WESC.ST;https://www.swedishbulls.com/SignalPage.aspx?lang=en&Ticker=WESC.ST;44.31;test621
TOBIN-PREF.ST;https://www.swedishbulls.com/SignalPage.aspx?lang=en&Ticker=TOBIN-PREF.ST;38.48;test622
43464.ST;https://www.swedishbulls.com/SignalPage.aspx?lang=en&Ticker=43464.ST;21.49;test623
