NAMESHORT;NAME;URL;VALUE
SAVOS.ST;SAVO SOLAR;https://www.swedishbulls.com/SignalPage.aspx?lang=en&Ticker=SAVOS.ST;1,020.15
GAPW-TO-1B.ST;GAPWAVES SUBSCR OPT;https://www.swedishbulls.com/SignalPage.aspx?lang=en&Ticker=GAPW-TO-1B.ST;859.94
MAV.ST;MAVSHACK AB;https://www.swedishbulls.com/SignalPage.aspx?lang=en&Ticker=MAV.ST;693.34
SALT-TO-2B.ST;SALTX TECHNOLOGY HOLDING SUBSCR OPT;https://www.swedishbulls.com/SignalPage.aspx?lang=en&Ticker=SALT-TO-2B.ST;571.7
EOID.NGM;EYEONID GROUP;https://www.swedishbulls.com/SignalPage.aspx?lang=en&Ticker=EOID.NGM;560.56
GAPW-B.ST;GAPWAVES;https://www.swedishbulls.com/SignalPage.aspx?lang=en&Ticker=GAPW-B.ST;495.08
SALT-B.ST;SALTX TECHNOLOGY HOLDING;https://www.swedishbulls.com/SignalPage.aspx?lang=en&Ticker=SALT-B.ST;425.27
BRIG-TO3.ST;BRIGHTER SUBSCR OPT;https://www.swedishbulls.com/SignalPage.aspx?lang=en&Ticker=BRIG-TO3.ST;389.73
ORTI-A.ST;ORTIVUS A;https://www.swedishbulls.com/SignalPage.aspx?lang=en&Ticker=ORTI-A.ST;385.31
CFISH.ST;CRUNCHFISH;https://www.swedishbulls.com/SignalPage.aspx?lang=en&Ticker=CFISH.ST;347.43
MAHA-A-TO-1.ST;MAHA ENERGY SUBSCR OPT;https://www.swedishbulls.com/SignalPage.aspx?lang=en&Ticker=MAHA-A-TO-1.ST;336.01
HEMC.ST;HEMCHECK SWEDEN;https://www.swedishbulls.com/SignalPage.aspx?lang=en&Ticker=HEMC.ST;319.18
CBA.ST;CYBAERO;https://www.swedishbulls.com/SignalPage.aspx?lang=en&Ticker=CBA.ST;318.98
CE.ST;CORTUS ENERGY;https://www.swedishbulls.com/SignalPage.aspx?lang=en&Ticker=CE.ST;318.16
MEDR-B.ST;MEDIRATT B;https://www.swedishbulls.com/SignalPage.aspx?lang=en&Ticker=MEDR-B.ST;314.75
MANTEX.ST;MANTEX;https://www.swedishbulls.com/SignalPage.aspx?lang=en&Ticker=MANTEX.ST;288.42
AAC-TO1.ST;AAC MICROTEC SUBSCR OPT;https://www.swedishbulls.com/SignalPage.aspx?lang=en&Ticker=AAC-TO1.ST;283.01
GOMX.ST;GOMSPACE GROUP;https://www.swedishbulls.com/SignalPage.aspx?lang=en&Ticker=GOMX.ST;280.65
UNIBAP.ST;UNIBAP;https://www.swedishbulls.com/SignalPage.aspx?lang=en&Ticker=UNIBAP.ST;280.35
CRAD-B.ST;C-RAD B;https://www.swedishbulls.com/SignalPage.aspx?lang=en&Ticker=CRAD-B.ST;266.76
47307.ST;NORDIC LEISURE;https://www.swedishbulls.com/SignalPage.aspx?lang=en&Ticker=47307.ST;264.11
AAC.ST;AAC MICROTEC;https://www.swedishbulls.com/SignalPage.aspx?lang=en&Ticker=AAC.ST;262.43
IRLAB-A.ST;IRLAB THERAPEUTICS;https://www.swedishbulls.com/SignalPage.aspx?lang=en&Ticker=IRLAB-A.ST;260.38
HOYLU.ST;HOYLU;https://www.swedishbulls.com/SignalPage.aspx?lang=en&Ticker=HOYLU.ST;259.42
HEMC-TO1.ST;HEMCHECK SWEDEN SUBSCR OPT;https://www.swedishbulls.com/SignalPage.aspx?lang=en&Ticker=HEMC-TO1.ST;257.25
ANOT.ST;ANOTO GROUP;https://www.swedishbulls.com/SignalPage.aspx?lang=en&Ticker=ANOT.ST;248.23
BRIG.ST;BRIGHTER AB;https://www.swedishbulls.com/SignalPage.aspx?lang=en&Ticker=BRIG.ST;246.66
XBRANE.ST;XBRANE BIOPHARMA;https://www.swedishbulls.com/SignalPage.aspx?lang=en&Ticker=XBRANE.ST;238.92
CLAV.ST;CLAVISTER HOLDING;https://www.swedishbulls.com/SignalPage.aspx?lang=en&Ticker=CLAV.ST;237
ENDO.ST;ENDOMINES;https://www.swedishbulls.com/SignalPage.aspx?lang=en&Ticker=ENDO.ST;236.67
VICO.ST;VICORE PHARMA HOLDING;https://www.swedishbulls.com/SignalPage.aspx?lang=en&Ticker=VICO.ST;235.82
ARCT.ST;ARCTIC GOLD;https://www.swedishbulls.com/SignalPage.aspx?lang=en&Ticker=ARCT.ST;232.69
FRIM.ST;ROBERT FRIMAN INTERNATIONAL;https://www.swedishbulls.com/SignalPage.aspx?lang=en&Ticker=FRIM.ST;231.61
MYFC.ST;MYFC HOLDING;https://www.swedishbulls.com/SignalPage.aspx?lang=en&Ticker=MYFC.ST;225.78
LIDDS.ST;LIDDS;https://www.swedishbulls.com/SignalPage.aspx?lang=en&Ticker=LIDDS.ST;220.39
HMED.ST;HANSA MEDICAL;https://www.swedishbulls.com/SignalPage.aspx?lang=en&Ticker=HMED.ST;213.44
SEAM.ST;SEAMLESS DISTRIBUTION B;https://www.swedishbulls.com/SignalPage.aspx?lang=en&Ticker=SEAM.ST;210.96
WINT.ST;WEST INTERNATIONAL;https://www.swedishbulls.com/SignalPage.aspx?lang=en&Ticker=WINT.ST;204.86
GREAT.ST;GREATER THAN;https://www.swedishbulls.com/SignalPage.aspx?lang=en&Ticker=GREAT.ST;204.73
DEFL-B.ST;DEFLAMO B;https://www.swedishbulls.com/SignalPage.aspx?lang=en&Ticker=DEFL-B.ST;204.38
ANNX.ST;ANNEXIN PHARMACEUTICALS;https://www.swedishbulls.com/SignalPage.aspx?lang=en&Ticker=ANNX.ST;203.53
AVT-B.ST;AVTECH SWEDEN;https://www.swedishbulls.com/SignalPage.aspx?lang=en&Ticker=AVT-B.ST;202.68
GWS.ST;GWS PRODUCTION;https://www.swedishbulls.com/SignalPage.aspx?lang=en&Ticker=GWS.ST;198.5
SDOS.ST;SCANDIDOS;https://www.swedishbulls.com/SignalPage.aspx?lang=en&Ticker=SDOS.ST;196.24
AAP-B.ST;ARC AROMA;https://www.swedishbulls.com/SignalPage.aspx?lang=en&Ticker=AAP-B.ST;195.46
BAYN.ST;BAYN EUROPE;https://www.swedishbulls.com/SignalPage.aspx?lang=en&Ticker=BAYN.ST;191.59
CYXO.ST;CYXONE;https://www.swedishbulls.com/SignalPage.aspx?lang=en&Ticker=CYXO.ST;190.49
LAUR.ST;LAURITZ.COM;https://www.swedishbulls.com/SignalPage.aspx?lang=en&Ticker=LAUR.ST;186.2
KDEV.ST;KAROLINSKA DEV;https://www.swedishbulls.com/SignalPage.aspx?lang=en&Ticker=KDEV.ST;185.72
AXIC-A.ST;AXICHEM A;https://www.swedishbulls.com/SignalPage.aspx?lang=en&Ticker=AXIC-A.ST;184.58
IVSO.ST;INVISIO COMMUNICATIONS;https://www.swedishbulls.com/SignalPage.aspx?lang=en&Ticker=IVSO.ST;184.44
SERT.ST;SERSTECH;https://www.swedishbulls.com/SignalPage.aspx?lang=en&Ticker=SERT.ST;183.14
COGS.ST;COGNOSEC;https://www.swedishbulls.com/SignalPage.aspx?lang=en&Ticker=COGS.ST;182.91
CANTA.ST;CANTARGIA;https://www.swedishbulls.com/SignalPage.aspx?lang=en&Ticker=CANTA.ST;182.88
BIOT.ST;BIOTAGE;https://www.swedishbulls.com/SignalPage.aspx?lang=en&Ticker=BIOT.ST;182.35
COPP-B.ST;COPPERSTONE RESOURCE;https://www.swedishbulls.com/SignalPage.aspx?lang=en&Ticker=COPP-B.ST;182.13
LEO.ST;LEOVEGAS;https://www.swedishbulls.com/SignalPage.aspx?lang=en&Ticker=LEO.ST;180.87
JAYS.ST;JAYS;https://www.swedishbulls.com/SignalPage.aspx?lang=en&Ticker=JAYS.ST;180.19
IBT-B.ST;INFANT BACTERIAL THERAPEUTICS;https://www.swedishbulls.com/SignalPage.aspx?lang=en&Ticker=IBT-B.ST;175.4
DOME.ST;DOME ENERGY;https://www.swedishbulls.com/SignalPage.aspx?lang=en&Ticker=DOME.ST;174.45
SAS.ST;SAS;https://www.swedishbulls.com/SignalPage.aspx?lang=en&Ticker=SAS.ST;174.31
G5EN.ST;G5 ENTERTAINMENT;https://www.swedishbulls.com/SignalPage.aspx?lang=en&Ticker=G5EN.ST;173.89
SOLT.ST;SOLTECH ENERGY;https://www.swedishbulls.com/SignalPage.aspx?lang=en&Ticker=SOLT.ST;173.71
MERT-A.NGM;MERTIVA;https://www.swedishbulls.com/SignalPage.aspx?lang=en&Ticker=MERT-A.NGM;172.69
DOXA.ST;DOXA;https://www.swedishbulls.com/SignalPage.aspx?lang=en&Ticker=DOXA.ST;171.4
ALIRA-B.ST;ALIGERA;https://www.swedishbulls.com/SignalPage.aspx?lang=en&Ticker=ALIRA-B.ST;170.67
BRIOX.NGM;BRIOX;https://www.swedishbulls.com/SignalPage.aspx?lang=en&Ticker=BRIOX.NGM;170.62
CLEMO.ST;CLEAN MOTION;https://www.swedishbulls.com/SignalPage.aspx?lang=en&Ticker=CLEMO.ST;168.58
RISEN.NGM;RIPASSO ENERGY;https://www.swedishbulls.com/SignalPage.aspx?lang=en&Ticker=RISEN.NGM;168.49
ABIGR.NGM;ABELCO INVESTMENT GROUP;https://www.swedishbulls.com/SignalPage.aspx?lang=en&Ticker=ABIGR.NGM;168.04
TRANS.ST;TRANSTEMA;https://www.swedishbulls.com/SignalPage.aspx?lang=en&Ticker=TRANS.ST;167.71
IMNP.ST;IMMUNE PHARMACEUTICALS;https://www.swedishbulls.com/SignalPage.aspx?lang=en&Ticker=IMNP.ST;167.38
JLT.ST;JLT MOBILE;https://www.swedishbulls.com/SignalPage.aspx?lang=en&Ticker=JLT.ST;167.35
BOUL.ST;BOULE DIAGNOSTICS;https://www.swedishbulls.com/SignalPage.aspx?lang=en&Ticker=BOUL.ST;166.73
TOBII.ST;TOBII;https://www.swedishbulls.com/SignalPage.aspx?lang=en&Ticker=TOBII.ST;165.64
MAHA-A.ST;MAHA ENERGY;https://www.swedishbulls.com/SignalPage.aspx?lang=en&Ticker=MAHA-A.ST;165.49
CEVI.ST;CELLAVISION;https://www.swedishbulls.com/SignalPage.aspx?lang=en&Ticker=CEVI.ST;164.18
ELTEL.ST;ELTEL;https://www.swedishbulls.com/SignalPage.aspx?lang=en&Ticker=ELTEL.ST;163.38
HELIO.ST;HELIOSPECTRA;https://www.swedishbulls.com/SignalPage.aspx?lang=en&Ticker=HELIO.ST;161.83
HTRO.ST;HEXATRONIC GROUP;https://www.swedishbulls.com/SignalPage.aspx?lang=en&Ticker=HTRO.ST;161.07
ONCO.ST;ONCOPEPTIDES;https://www.swedishbulls.com/SignalPage.aspx?lang=en&Ticker=ONCO.ST;160.58
BEGR.ST;BE GROUP;https://www.swedishbulls.com/SignalPage.aspx?lang=en&Ticker=BEGR.ST;159.18
DIVI-B.NGM;DIVIDEND SWEDEN;https://www.swedishbulls.com/SignalPage.aspx?lang=en&Ticker=DIVI-B.NGM;159.09
PXXS-SDB.ST;PEARL EXPLORATION AND PROD GDR;https://www.swedishbulls.com/SignalPage.aspx?lang=en&Ticker=PXXS-SDB.ST;158.43
IPCO.ST;INTERNATIONAL PETROLEUM CORPORATION;https://www.swedishbulls.com/SignalPage.aspx?lang=en&Ticker=IPCO.ST;158.21
RTC.ST;RETHINKING CARE SWEDEN;https://www.swedishbulls.com/SignalPage.aspx?lang=en&Ticker=RTC.ST;158.15
KAMBI.ST;KAMBI GROUP;https://www.swedishbulls.com/SignalPage.aspx?lang=en&Ticker=KAMBI.ST;157.85
VERI.ST;VERISEC;https://www.swedishbulls.com/SignalPage.aspx?lang=en&Ticker=VERI.ST;156.85
SPOR.ST;SPORTAMORE;https://www.swedishbulls.com/SignalPage.aspx?lang=en&Ticker=SPOR.ST;156.75
TANGI.ST;TANGIAMO TOUCH TECHNOLOGY;https://www.swedishbulls.com/SignalPage.aspx?lang=en&Ticker=TANGI.ST;156.01
TROAX.ST;TROAX GROUP;https://www.swedishbulls.com/SignalPage.aspx?lang=en&Ticker=TROAX.ST;154.94
PIEZO.ST;PIEZOMOTOR UPPSALA;https://www.swedishbulls.com/SignalPage.aspx?lang=en&Ticker=PIEZO.ST;154.84
SENS.ST;SENSYS GATSO;https://www.swedishbulls.com/SignalPage.aspx?lang=en&Ticker=SENS.ST;154.06
PREC.ST;PRECISE BIOMETRICS;https://www.swedishbulls.com/SignalPage.aspx?lang=en&Ticker=PREC.ST;153.75
SANION.ST;SANIONA A/S;https://www.swedishbulls.com/SignalPage.aspx?lang=en&Ticker=SANION.ST;153.66
NOTE.ST;NOTE;https://www.swedishbulls.com/SignalPage.aspx?lang=en&Ticker=NOTE.ST;153.23
IMMU.ST;IMMUNICUM;https://www.swedishbulls.com/SignalPage.aspx?lang=en&Ticker=IMMU.ST;152.98
THQN-B.ST;THQ NORDIC;https://www.swedishbulls.com/SignalPage.aspx?lang=en&Ticker=THQN-B.ST;152.53
GENO.ST;GENOVIS B;https://www.swedishbulls.com/SignalPage.aspx?lang=en&Ticker=GENO.ST;151.32
PCELL.ST;POWERCELL SWEDEN;https://www.swedishbulls.com/SignalPage.aspx?lang=en&Ticker=PCELL.ST;151.15
BIOVIC-B.ST;BIOVICA INTERNATIONAL;https://www.swedishbulls.com/SignalPage.aspx?lang=en&Ticker=BIOVIC-B.ST;149.22
CRWN;CROWN ENERGY;https://www.swedishbulls.com/SignalPage.aspx?lang=en&Ticker=CRWN;149.16
SKIS-B.ST;SKISTAR B;https://www.swedishbulls.com/SignalPage.aspx?lang=en&Ticker=SKIS-B.ST;148.93
ORTI-B.ST;ORTIVUS B;https://www.swedishbulls.com/SignalPage.aspx?lang=en&Ticker=ORTI-B.ST;148.18
HMS.ST;HMS NETWORKS;https://www.swedishbulls.com/SignalPage.aspx?lang=en&Ticker=HMS.ST;147.87
TMG.ST;THE MARKETING GROUP;https://www.swedishbulls.com/SignalPage.aspx?lang=en&Ticker=TMG.ST;147.78
SSAB-B.ST;SSAB B;https://www.swedishbulls.com/SignalPage.aspx?lang=en&Ticker=SSAB-B.ST;146.76
ACTI.ST;ACTIVE BIOTECH;https://www.swedishbulls.com/SignalPage.aspx?lang=en&Ticker=ACTI.ST;146.48
ERIC-B.ST;ERICSSON B;https://www.swedishbulls.com/SignalPage.aspx?lang=en&Ticker=ERIC-B.ST;146.28
MRG.ST;MR GREEN;https://www.swedishbulls.com/SignalPage.aspx?lang=en&Ticker=MRG.ST;145.78
ORX.ST;OREXO;https://www.swedishbulls.com/SignalPage.aspx?lang=en&Ticker=ORX.ST;145.69
MATRA.ST;MATRA PETROLEUM;https://www.swedishbulls.com/SignalPage.aspx?lang=en&Ticker=MATRA.ST;145.17
PRLD.NGM;PROLIGHT DIAGNOSTICS;https://www.swedishbulls.com/SignalPage.aspx?lang=en&Ticker=PRLD.NGM;144.95
WTX.ST;WILSON THERAPEUTICS SHS;https://www.swedishbulls.com/SignalPage.aspx?lang=en&Ticker=WTX.ST;144.79
DURC-B.ST;DUROC B;https://www.swedishbulls.com/SignalPage.aspx?lang=en&Ticker=DURC-B.ST;144.73
EOS.ST;EOS RUSSIA;https://www.swedishbulls.com/SignalPage.aspx?lang=en&Ticker=EOS.ST;144.43
A1M-TO.ST;A1M PHARMA SUBSCR OPT;https://www.swedishbulls.com/SignalPage.aspx?lang=en&Ticker=A1M-TO.ST;143.99
FIL.ST;FILO MINING;https://www.swedishbulls.com/SignalPage.aspx?lang=en&Ticker=FIL.ST;143.87
XMR.ST;XMREALITY;https://www.swedishbulls.com/SignalPage.aspx?lang=en&Ticker=XMR.ST;143.14
VITR.ST;VITROLIFE;https://www.swedishbulls.com/SignalPage.aspx?lang=en&Ticker=VITR.ST;143.13
CORE.ST;COREM PROPERTY GROUP;https://www.swedishbulls.com/SignalPage.aspx?lang=en&Ticker=CORE.ST;142.74
BEIA-B.ST;BEIJER ALMA B;https://www.swedishbulls.com/SignalPage.aspx?lang=en&Ticker=BEIA-B.ST;141.95
KONT.ST;KONTIGO CARE;https://www.swedishbulls.com/SignalPage.aspx?lang=en&Ticker=KONT.ST;141.59
CELLNK-B.ST;CELLINK;https://www.swedishbulls.com/SignalPage.aspx?lang=en&Ticker=CELLNK-B.ST;141.17
BINV.ST;BIOINVENT INTERNATIONAL;https://www.swedishbulls.com/SignalPage.aspx?lang=en&Ticker=BINV.ST;139.97
BIM.ST;BIMOBJECT;https://www.swedishbulls.com/SignalPage.aspx?lang=en&Ticker=BIM.ST;139.64
SNM.ST;SHAMARAN PETROLEUM;https://www.swedishbulls.com/SignalPage.aspx?lang=en&Ticker=SNM.ST;138.54
SPRINT.ST;SPRINT BIOSCIENCE;https://www.swedishbulls.com/SignalPage.aspx?lang=en&Ticker=SPRINT.ST;138.18
KABE-B.ST;KABE HUSVAGNAR B;https://www.swedishbulls.com/SignalPage.aspx?lang=en&Ticker=KABE-B.ST;137.98
NOLA-B.ST;NOLATO B;https://www.swedishbulls.com/SignalPage.aspx?lang=en&Ticker=NOLA-B.ST;137.86
KAN.ST;KANCERA;https://www.swedishbulls.com/SignalPage.aspx?lang=en&Ticker=KAN.ST;137.53
IJ.ST;INTRUM JUSTITIA;https://www.swedishbulls.com/SignalPage.aspx?lang=en&Ticker=IJ.ST;137.51
SAAB-B.ST;SAAB B;https://www.swedishbulls.com/SignalPage.aspx?lang=en&Ticker=SAAB-B.ST;137.21
SOF-B.ST;SOFTRONIC B;https://www.swedishbulls.com/SignalPage.aspx?lang=en&Ticker=SOF-B.ST;137.08
LAGR-B.ST;LAGERCRANTZ GROUP B;https://www.swedishbulls.com/SignalPage.aspx?lang=en&Ticker=LAGR-B.ST;136.85
ALIV-SDB.ST;AUTOLIV SDR;https://www.swedishbulls.com/SignalPage.aspx?lang=en&Ticker=ALIV-SDB.ST;136.67
IVISYS.ST;IVISYS;https://www.swedishbulls.com/SignalPage.aspx?lang=en&Ticker=IVISYS.ST;136.61
SBB-B.ST;SAMHALLSBYGGNADSBOLAGET I NORDEN;https://www.swedishbulls.com/SignalPage.aspx?lang=en&Ticker=SBB-B.ST;136.01
BESQ.ST;BESQAB PROJEKT & FASTIGHETER;https://www.swedishbulls.com/SignalPage.aspx?lang=en&Ticker=BESQ.ST;135.51
ENRO.ST;ENIRO;https://www.swedishbulls.com/SignalPage.aspx?lang=en&Ticker=ENRO.ST;135.17
VBG-B.ST;VBG B;https://www.swedishbulls.com/SignalPage.aspx?lang=en&Ticker=VBG-B.ST;135.15
PALS-B.ST;PALLAS GROUP;https://www.swedishbulls.com/SignalPage.aspx?lang=en&Ticker=PALS-B.ST;135.14
KAHL.ST;KAPPAHL;https://www.swedishbulls.com/SignalPage.aspx?lang=en&Ticker=KAHL.ST;134.97
PNVA.NGM;PAYNOVA;https://www.swedishbulls.com/SignalPage.aspx?lang=en&Ticker=PNVA.NGM;134.78
SONE.ST;SONETEL;https://www.swedishbulls.com/SignalPage.aspx?lang=en&Ticker=SONE.ST;134.71
ACAN-B.ST;ACANDO;https://www.swedishbulls.com/SignalPage.aspx?lang=en&Ticker=ACAN-B.ST;134.45
MVIR-B.ST;MEDIVIR B;https://www.swedishbulls.com/SignalPage.aspx?lang=en&Ticker=MVIR-B.ST;134.34
AZN.ST;ASTRAZENECA;https://www.swedishbulls.com/SignalPage.aspx?lang=en&Ticker=AZN.ST;134.17
BUFAB.ST;BUFAB;https://www.swedishbulls.com/SignalPage.aspx?lang=en&Ticker=BUFAB.ST;133.87
XANO-B.ST;XANO INDUSTRI B;https://www.swedishbulls.com/SignalPage.aspx?lang=en&Ticker=XANO-B.ST;133.65
PCAT.ST;PHOTOCAT;https://www.swedishbulls.com/SignalPage.aspx?lang=en&Ticker=PCAT.ST;133.46
EVO.ST;EVOLUTION GAMING GROUP;https://www.swedishbulls.com/SignalPage.aspx?lang=en&Ticker=EVO.ST;133.29
TRAC-B.ST;TRACTION B;https://www.swedishbulls.com/SignalPage.aspx?lang=en&Ticker=TRAC-B.ST;133.28
PDX.ST;PARADOX INTERACTIVE;https://www.swedishbulls.com/SignalPage.aspx?lang=en&Ticker=PDX.ST;133.2
SPIFFX.ST;SPIFFX;https://www.swedishbulls.com/SignalPage.aspx?lang=en&Ticker=SPIFFX.ST;133.19
NET-B.ST;NETENT;https://www.swedishbulls.com/SignalPage.aspx?lang=en&Ticker=NET-B.ST;132.89
MAG.ST;MAGNOLIA BOSTAD;https://www.swedishbulls.com/SignalPage.aspx?lang=en&Ticker=MAG.ST;132.68
BETS-B.ST;BETSSON B;https://www.swedishbulls.com/SignalPage.aspx?lang=en&Ticker=BETS-B.ST;132.64
ARCOMA.ST;ARCOMA;https://www.swedishbulls.com/SignalPage.aspx?lang=en&Ticker=ARCOMA.ST;132.17
MSAB-B.ST;MICRO SYSTEMATION B;https://www.swedishbulls.com/SignalPage.aspx?lang=en&Ticker=MSAB-B.ST;132.07
ISR.ST;ISR IMMUNE SYSTEM REGULATION HOLDING;https://www.swedishbulls.com/SignalPage.aspx?lang=en&Ticker=ISR.ST;132.03
PROB.ST;PROBI AB;https://www.swedishbulls.com/SignalPage.aspx?lang=en&Ticker=PROB.ST;131.84
CLS-B.ST;CLINICAL LASERTHERMIA SYSTEMS B;https://www.swedishbulls.com/SignalPage.aspx?lang=en&Ticker=CLS-B.ST;131.58
BERG-B.ST;BERGMAN & BEVING;https://www.swedishbulls.com/SignalPage.aspx?lang=en&Ticker=BERG-B.ST;131.46
SSAB-A.ST;SSAB A;https://www.swedishbulls.com/SignalPage.aspx?lang=en&Ticker=SSAB-A.ST;130.93
SKF-A.ST;SKF A;https://www.swedishbulls.com/SignalPage.aspx?lang=en&Ticker=SKF-A.ST;130.89
CRED-A.ST;CREADES A;https://www.swedishbulls.com/SignalPage.aspx?lang=en&Ticker=CRED-A.ST;130.52
STW.ST;SEATWIRL;https://www.swedishbulls.com/SignalPage.aspx?lang=en&Ticker=STW.ST;130.42
OASM.ST;OASMIA PHARMACEUTICAL;https://www.swedishbulls.com/SignalPage.aspx?lang=en&Ticker=OASM.ST;130.31
VOLO.ST;VOLATI;https://www.swedishbulls.com/SignalPage.aspx?lang=en&Ticker=VOLO.ST;129.95
PRIME.ST;PRIME LIVING;https://www.swedishbulls.com/SignalPage.aspx?lang=en&Ticker=PRIME.ST;129.75
CAT-B.ST;CATELLA B;https://www.swedishbulls.com/SignalPage.aspx?lang=en&Ticker=CAT-B.ST;128.8
KLOV-B.ST;KLOVERN B;https://www.swedishbulls.com/SignalPage.aspx?lang=en&Ticker=KLOV-B.ST;128.7
ZAPLOX.ST;ZAPLOX;https://www.swedishbulls.com/SignalPage.aspx?lang=en&Ticker=ZAPLOX.ST;128.69
BULTEN.ST;BULTEN;https://www.swedishbulls.com/SignalPage.aspx?lang=en&Ticker=BULTEN.ST;128.65
HIQ.ST;HIQ INTERNATIONAL;https://www.swedishbulls.com/SignalPage.aspx?lang=en&Ticker=HIQ.ST;128.51
FRISQ.ST;FRISQ HOLDING;https://www.swedishbulls.com/SignalPage.aspx?lang=en&Ticker=FRISQ.ST;128.47
BIOS.ST;BIOSERVO TECHNOLOGIES;https://www.swedishbulls.com/SignalPage.aspx?lang=en&Ticker=BIOS.ST;128.4
CAMX.ST;CAMURUS;https://www.swedishbulls.com/SignalPage.aspx?lang=en&Ticker=CAMX.ST;128.26
STAR-A.ST;STARBREEZE A;https://www.swedishbulls.com/SignalPage.aspx?lang=en&Ticker=STAR-A.ST;128.05
NTEK-B.ST;NOVOTEK B;https://www.swedishbulls.com/SignalPage.aspx?lang=en&Ticker=NTEK-B.ST;127.86
ARISE.ST;ARISE AB;https://www.swedishbulls.com/SignalPage.aspx?lang=en&Ticker=ARISE.ST;127.67
NXTMS.ST;NEXSTIM;https://www.swedishbulls.com/SignalPage.aspx?lang=en&Ticker=NXTMS.ST;127.67
QLRO.ST;QLIRO GROUP;https://www.swedishbulls.com/SignalPage.aspx?lang=en&Ticker=QLRO.ST;127.54
LIFCO-B.ST;LIFCO B;https://www.swedishbulls.com/SignalPage.aspx?lang=en&Ticker=LIFCO-B.ST;127.5
NOBINA.ST;NOBINA;https://www.swedishbulls.com/SignalPage.aspx?lang=en&Ticker=NOBINA.ST;127.18
SEZI.ST;SENZIME;https://www.swedishbulls.com/SignalPage.aspx?lang=en&Ticker=SEZI.ST;127.1
TETY.ST;TETHYS OIL;https://www.swedishbulls.com/SignalPage.aspx?lang=en&Ticker=TETY.ST;127.07
ACAD.ST;ACADEMEDIA;https://www.swedishbulls.com/SignalPage.aspx?lang=en&Ticker=ACAD.ST;126.87
EDGE.ST;EDGEWARE;https://www.swedishbulls.com/SignalPage.aspx?lang=en&Ticker=EDGE.ST;126.6
DDM.ST;DDM HOLDING;https://www.swedishbulls.com/SignalPage.aspx?lang=en&Ticker=DDM.ST;126.53
NDX.ST;NORDAX GROUP;https://www.swedishbulls.com/SignalPage.aspx?lang=en&Ticker=NDX.ST;126.42
MSC-B.ST;MSC GROUP;https://www.swedishbulls.com/SignalPage.aspx?lang=en&Ticker=MSC-B.ST;126.26
OBDU-B.NGM;OBDUCAT B;https://www.swedishbulls.com/SignalPage.aspx?lang=en&Ticker=OBDU-B.NGM;126.1
CASO.ST;CASSANDRA OIL;https://www.swedishbulls.com/SignalPage.aspx?lang=en&Ticker=CASO.ST;126.08
AVEG-B.ST;AVEGA GROUP ser. B;https://www.swedishbulls.com/SignalPage.aspx?lang=en&Ticker=AVEG-B.ST;126.04
GTGS.NGM;GOLD TOWN GAMES;https://www.swedishbulls.com/SignalPage.aspx?lang=en&Ticker=GTGS.NGM;125.89
MSON-B.ST;MIDSONA B;https://www.swedishbulls.com/SignalPage.aspx?lang=en&Ticker=MSON-B.ST;125.74
BACTI-B.ST;BACTIGUARD HOLD;https://www.swedishbulls.com/SignalPage.aspx?lang=en&Ticker=BACTI-B.ST;125.41
LLSW-B.ST;LIGHTLAB SWE B;https://www.swedishbulls.com/SignalPage.aspx?lang=en&Ticker=LLSW-B.ST;124.97
MCAP.ST;MEDCAP;https://www.swedishbulls.com/SignalPage.aspx?lang=en&Ticker=MCAP.ST;124.59
ABB.ST;ABB LTD N;https://www.swedishbulls.com/SignalPage.aspx?lang=en&Ticker=ABB.ST;124.08
MIPS.ST;MIPS;https://www.swedishbulls.com/SignalPage.aspx?lang=en&Ticker=MIPS.ST;124.08
BEIJ-B.ST;BEIJER REF AB;https://www.swedishbulls.com/SignalPage.aspx?lang=en&Ticker=BEIJ-B.ST;124.06
SKF-B.ST;SKF B;https://www.swedishbulls.com/SignalPage.aspx?lang=en&Ticker=SKF-B.ST;124.05
AGRO.ST;AGROMINO;https://www.swedishbulls.com/SignalPage.aspx?lang=en&Ticker=AGRO.ST;123.65
INDT.ST;INDUTRADE;https://www.swedishbulls.com/SignalPage.aspx?lang=en&Ticker=INDT.ST;123.64
CHRO.ST;CHROMOGENICS;https://www.swedishbulls.com/SignalPage.aspx?lang=en&Ticker=CHRO.ST;123.51
FOI-B.ST;FENIX OUTDOOR INTERNATIONAL;https://www.swedishbulls.com/SignalPage.aspx?lang=en&Ticker=FOI-B.ST;123.44
LUMI.ST;LUNDIN MINING;https://www.swedishbulls.com/SignalPage.aspx?lang=en&Ticker=LUMI.ST;123.4
ORIF.ST;ORIFLAME HOLDING;https://www.swedishbulls.com/SignalPage.aspx?lang=en&Ticker=ORIF.ST;122.93
SUSW.ST;SURGICAL SCIENCE SWEDEN;https://www.swedishbulls.com/SignalPage.aspx?lang=en&Ticker=SUSW.ST;122.86
COOR.ST;COOR SERVICE MANAGEMENT;https://www.swedishbulls.com/SignalPage.aspx?lang=en&Ticker=COOR.ST;122.81
NVP.ST;NEUROVIVE PHARMACEUTICAL;https://www.swedishbulls.com/SignalPage.aspx?lang=en&Ticker=NVP.ST;122.81
FEEL.ST;FEELGOOD SVENSKA;https://www.swedishbulls.com/SignalPage.aspx?lang=en&Ticker=FEEL.ST;122.73
KARO.ST;KARO PHARMA;https://www.swedishbulls.com/SignalPage.aspx?lang=en&Ticker=KARO.ST;122.68
PROF-B.ST;PROFILGRUPPEN B;https://www.swedishbulls.com/SignalPage.aspx?lang=en&Ticker=PROF-B.ST;122.54
HEMF.ST;HEMFOSA FASTIGHETER AB;https://www.swedishbulls.com/SignalPage.aspx?lang=en&Ticker=HEMF.ST;122.49
CLX.ST;CLX COMMUNICATIONS;https://www.swedishbulls.com/SignalPage.aspx?lang=en&Ticker=CLX.ST;122.46
PLED.ST;PLED PHARMA;https://www.swedishbulls.com/SignalPage.aspx?lang=en&Ticker=PLED.ST;122.11
BRG-B.ST;BERGS TIMBER B;https://www.swedishbulls.com/SignalPage.aspx?lang=en&Ticker=BRG-B.ST;121.88
EKTA-B.ST;ELEKTA B;https://www.swedishbulls.com/SignalPage.aspx?lang=en&Ticker=EKTA-B.ST;121.82
HUM.ST;HUMANA;https://www.swedishbulls.com/SignalPage.aspx?lang=en&Ticker=HUM.ST;121.8
RAY-B.ST;RAYSEARCH LABORATORIES B;https://www.swedishbulls.com/SignalPage.aspx?lang=en&Ticker=RAY-B.ST;121.78
CINN.ST;CINNO FIN TECH;https://www.swedishbulls.com/SignalPage.aspx?lang=en&Ticker=CINN.ST;121.31
MPI.ST;MEDICAL PROGNOSIS INSTITUTE;https://www.swedishbulls.com/SignalPage.aspx?lang=en&Ticker=MPI.ST;121.26
NCC-A.ST;NCC A;https://www.swedishbulls.com/SignalPage.aspx?lang=en&Ticker=NCC-A.ST;121.12
RECI-B.ST;RECIPHARM AB;https://www.swedishbulls.com/SignalPage.aspx?lang=en&Ticker=RECI-B.ST;120.95
66669.ST;ALLTELE;https://www.swedishbulls.com/SignalPage.aspx?lang=en&Ticker=66669.ST;120.84
NMAN.ST;NEDERMAN HOLDING;https://www.swedishbulls.com/SignalPage.aspx?lang=en&Ticker=NMAN.ST;120.7
LUG.ST;LUNDIN GOLD;https://www.swedishbulls.com/SignalPage.aspx?lang=en&Ticker=LUG.ST;120.65
CLBIO.ST;CORLINE BIOMED;https://www.swedishbulls.com/SignalPage.aspx?lang=en&Ticker=CLBIO.ST;120.56
MACK-B.ST;MACKMYRA SVENSK WHISKEY B;https://www.swedishbulls.com/SignalPage.aspx?lang=en&Ticker=MACK-B.ST;120.56
KLOV-A.ST;KLOVERN A;https://www.swedishbulls.com/SignalPage.aspx?lang=en&Ticker=KLOV-A.ST;120.32
INVE-B.ST;INVESTOR B;https://www.swedishbulls.com/SignalPage.aspx?lang=en&Ticker=INVE-B.ST;120.08
VICP-B.ST;VICTORIA PARK B;https://www.swedishbulls.com/SignalPage.aspx?lang=en&Ticker=VICP-B.ST;120.06
ICTA-B.ST;INTELLECTA B;https://www.swedishbulls.com/SignalPage.aspx?lang=en&Ticker=ICTA-B.ST;119.64
DEDI.ST;DEDICARE AB;https://www.swedishbulls.com/SignalPage.aspx?lang=en&Ticker=DEDI.ST;119.58
VOLV-A.ST;VOLVO A;https://www.swedishbulls.com/SignalPage.aspx?lang=en&Ticker=VOLV-A.ST;119.57
AINO.ST;AINO HEALTH;https://www.swedishbulls.com/SignalPage.aspx?lang=en&Ticker=AINO.ST;119.55
EPIS-B.ST;EPISURF MEDICALORD;https://www.swedishbulls.com/SignalPage.aspx?lang=en&Ticker=EPIS-B.ST;119.53
THULE.ST;THULE GROUP;https://www.swedishbulls.com/SignalPage.aspx?lang=en&Ticker=THULE.ST;119.5
IVACC.ST;INTERVACC;https://www.swedishbulls.com/SignalPage.aspx?lang=en&Ticker=IVACC.ST;119.4
SVOL-B.ST;SVOLDER B;https://www.swedishbulls.com/SignalPage.aspx?lang=en&Ticker=SVOL-B.ST;119.36
WIHL.ST;WIHLBORGS FASTIGHETER;https://www.swedishbulls.com/SignalPage.aspx?lang=en&Ticker=WIHL.ST;119.35
UTG.ST;UNLIMITED TRAVEL GROUP;https://www.swedishbulls.com/SignalPage.aspx?lang=en&Ticker=UTG.ST;119.29
RROS.ST;ROTTNEROS;https://www.swedishbulls.com/SignalPage.aspx?lang=en&Ticker=RROS.ST;119
BMAX.ST;BYGGMAX GROUP;https://www.swedishbulls.com/SignalPage.aspx?lang=en&Ticker=BMAX.ST;118.95
KINV-A.ST;KINNEVIK A;https://www.swedishbulls.com/SignalPage.aspx?lang=en&Ticker=KINV-A.ST;118.86
ANOD-B.ST;ADDNODE GROUP;https://www.swedishbulls.com/SignalPage.aspx?lang=en&Ticker=ANOD-B.ST;118.84
DIOS.ST;DIOS FASTIGHETER;https://www.swedishbulls.com/SignalPage.aspx?lang=en&Ticker=DIOS.ST;118.77
MIC-SDB.ST;MILLICOM INTERNATIONAL CELLULAR SDR;https://www.swedishbulls.com/SignalPage.aspx?lang=en&Ticker=MIC-SDB.ST;118.64
TALK.ST;TALKPOOL;https://www.swedishbulls.com/SignalPage.aspx?lang=en&Ticker=TALK.ST;118.63
RESURS.ST;RESURS HOLDING;https://www.swedishbulls.com/SignalPage.aspx?lang=en&Ticker=RESURS.ST;118.46
VOLV-B.ST;VOLVO B;https://www.swedishbulls.com/SignalPage.aspx?lang=en&Ticker=VOLV-B.ST;118.43
HOVD.ST;HOVDING SVERIGE;https://www.swedishbulls.com/SignalPage.aspx?lang=en&Ticker=HOVD.ST;118.29
43720.ST;MYCRONIC;https://www.swedishbulls.com/SignalPage.aspx?lang=en&Ticker=43720.ST;118.26
DIGN.ST;DIGNITANA;https://www.swedishbulls.com/SignalPage.aspx?lang=en&Ticker=DIGN.ST;117.99
SRNKE-B.ST;SERNEKE GROUP;https://www.swedishbulls.com/SignalPage.aspx?lang=en&Ticker=SRNKE-B.ST;117.92
REJL-B.ST;REJLERS B;https://www.swedishbulls.com/SignalPage.aspx?lang=en&Ticker=REJL-B.ST;117.83
A1M.ST;A1M;https://www.swedishbulls.com/SignalPage.aspx?lang=en&Ticker=A1M.ST;117.64
ATIC.ST;ACTIC GROUP;https://www.swedishbulls.com/SignalPage.aspx?lang=en&Ticker=ATIC.ST;117.53
TOBIN.ST;TOBIN PROPERTIES;https://www.swedishbulls.com/SignalPage.aspx?lang=en&Ticker=TOBIN.ST;117.52
FPAR.ST;FAST PARTNER;https://www.swedishbulls.com/SignalPage.aspx?lang=en&Ticker=FPAR.ST;117.4
KIND-SDB.ST;KINDRED GROUP SDR;https://www.swedishbulls.com/SignalPage.aspx?lang=en&Ticker=KIND-SDB.ST;117.36
CI-B.ST;CELL IMPACT B;https://www.swedishbulls.com/SignalPage.aspx?lang=en&Ticker=CI-B.ST;117.31
SEYE.ST;SMART EYE;https://www.swedishbulls.com/SignalPage.aspx?lang=en&Ticker=SEYE.ST;117.3
GETI-B.ST;GETINGE B;https://www.swedishbulls.com/SignalPage.aspx?lang=en&Ticker=GETI-B.ST;117.21
ENEA.ST;ENEA;https://www.swedishbulls.com/SignalPage.aspx?lang=en&Ticker=ENEA.ST;117.17
GRNG.ST;GRANGES;https://www.swedishbulls.com/SignalPage.aspx?lang=en&Ticker=GRNG.ST;117.13
SWOL-B.ST;SWEDOL B;https://www.swedishbulls.com/SignalPage.aspx?lang=en&Ticker=SWOL-B.ST;116.92
NGQ.ST;NGEX RESOURCES;https://www.swedishbulls.com/SignalPage.aspx?lang=en&Ticker=NGQ.ST;116.91
SECI.ST;SECITS HOLDING;https://www.swedishbulls.com/SignalPage.aspx?lang=en&Ticker=SECI.ST;116.89
VICP.ST;VICTORIA PARK;https://www.swedishbulls.com/SignalPage.aspx?lang=en&Ticker=VICP.ST;116.7
ATCO-B.ST;ATLAS COPCO B;https://www.swedishbulls.com/SignalPage.aspx?lang=en&Ticker=ATCO-B.ST;116.57
SKA-B.ST;SKANSKA B;https://www.swedishbulls.com/SignalPage.aspx?lang=en&Ticker=SKA-B.ST;116.54
NUE.ST;NUEVOLUTION;https://www.swedishbulls.com/SignalPage.aspx?lang=en&Ticker=NUE.ST;116.45
ELUX-A.ST;ELECTROLUX A;https://www.swedishbulls.com/SignalPage.aspx?lang=en&Ticker=ELUX-A.ST;116.35
CTT.ST;CTT SYSTEMS;https://www.swedishbulls.com/SignalPage.aspx?lang=en&Ticker=CTT.ST;115.83
ALON-B.NGM;ARCHELON;https://www.swedishbulls.com/SignalPage.aspx?lang=en&Ticker=ALON-B.NGM;115.8
ENERS.ST;ENERSIZE;https://www.swedishbulls.com/SignalPage.aspx?lang=en&Ticker=ENERS.ST;115.77
HANC-PREF-A.ST;HANCAP PRF;https://www.swedishbulls.com/SignalPage.aspx?lang=en&Ticker=HANC-PREF-A.ST;115.76
CATE.ST;CATENA;https://www.swedishbulls.com/SignalPage.aspx?lang=en&Ticker=CATE.ST;115.74
SMF.ST;SEMAFO;https://www.swedishbulls.com/SignalPage.aspx?lang=en&Ticker=SMF.ST;115.62
SECU-B.ST;SECURITAS B;https://www.swedishbulls.com/SignalPage.aspx?lang=en&Ticker=SECU-B.ST;115.59
NICKE.NGM;NICKEL MOUNTAIN RESOURCES;https://www.swedishbulls.com/SignalPage.aspx?lang=en&Ticker=NICKE.NGM;115.56
AROC.ST;AROCELL;https://www.swedishbulls.com/SignalPage.aspx?lang=en&Ticker=AROC.ST;115.55
EXPRS2.ST;EXPRES2ION BIOTECH HOLDING;https://www.swedishbulls.com/SignalPage.aspx?lang=en&Ticker=EXPRS2.ST;115.45
ODD.ST;ODD MOLLY INTERNATIONAL;https://www.swedishbulls.com/SignalPage.aspx?lang=en&Ticker=ODD.ST;115.34
KOBR%20MTFB;KOPPARBERGS B;https://www.swedishbulls.com/SignalPage.aspx?lang=en&Ticker=KOBR%20MTFB;115.29
RENT.NGM;RENTUNDER HOLDING;https://www.swedishbulls.com/SignalPage.aspx?lang=en&Ticker=RENT.NGM;115.26
LOOM-B.ST;LOOMIS B;https://www.swedishbulls.com/SignalPage.aspx?lang=en&Ticker=LOOM-B.ST;115.21
SCA-B.ST;SVENSKA CELLULOSA B;https://www.swedishbulls.com/SignalPage.aspx?lang=en&Ticker=SCA-B.ST;115.15
STE-A.ST;STORA ENSO A;https://www.swedishbulls.com/SignalPage.aspx?lang=en&Ticker=STE-A.ST;115.01
WALL-B.ST;WALLENSTAM B;https://www.swedishbulls.com/SignalPage.aspx?lang=en&Ticker=WALL-B.ST;114.73
MTG-A.ST;MTG A;https://www.swedishbulls.com/SignalPage.aspx?lang=en&Ticker=MTG-A.ST;114.72
DORO.ST;DORO;https://www.swedishbulls.com/SignalPage.aspx?lang=en&Ticker=DORO.ST;114.64
ERIC-A.ST;ERICSSON A;https://www.swedishbulls.com/SignalPage.aspx?lang=en&Ticker=ERIC-A.ST;114.54
DIAH.ST;DIADROM HOLDING;https://www.swedishbulls.com/SignalPage.aspx?lang=en&Ticker=DIAH.ST;114.52
BILI-A.ST;BILIA A;https://www.swedishbulls.com/SignalPage.aspx?lang=en&Ticker=BILI-A.ST;114.46
SHB-B.ST;HANDELSBANKEN B;https://www.swedishbulls.com/SignalPage.aspx?lang=en&Ticker=SHB-B.ST;114.38
SF.ST;STILLFRONT GROUP;https://www.swedishbulls.com/SignalPage.aspx?lang=en&Ticker=SF.ST;114.31
INDEX.ST;INDEX PHARMACEUTICALS HOLDING;https://www.swedishbulls.com/SignalPage.aspx?lang=en&Ticker=INDEX.ST;114.19
MIDW-B.ST;MIDWAY HOLDING B;https://www.swedishbulls.com/SignalPage.aspx?lang=en&Ticker=MIDW-B.ST;114.19
AGES-B.ST;AGES INDUSTRI;https://www.swedishbulls.com/SignalPage.aspx?lang=en&Ticker=AGES-B.ST;113.99
SCA-A.ST;SVENSKA CELLULOSA A;https://www.swedishbulls.com/SignalPage.aspx?lang=en&Ticker=SCA-A.ST;113.85
TEL2-A.ST;TELE2 A;https://www.swedishbulls.com/SignalPage.aspx?lang=en&Ticker=TEL2-A.ST;113.84
PACT.ST;PROACT IT GROUP;https://www.swedishbulls.com/SignalPage.aspx?lang=en&Ticker=PACT.ST;113.8
DRIL.ST;DRILLCON;https://www.swedishbulls.com/SignalPage.aspx?lang=en&Ticker=DRIL.ST;113.73
SSM.ST;SSM HOLDING;https://www.swedishbulls.com/SignalPage.aspx?lang=en&Ticker=SSM.ST;113.7
BELE.ST;BEIJER ELECTRONICS GROUP;https://www.swedishbulls.com/SignalPage.aspx?lang=en&Ticker=BELE.ST;113.34
DUST.ST;DUSTIN GROUP;https://www.swedishbulls.com/SignalPage.aspx?lang=en&Ticker=DUST.ST;113.33
BURE.ST;BURE EQUITY;https://www.swedishbulls.com/SignalPage.aspx?lang=en&Ticker=BURE.ST;113.31
FPIP.ST;FORMPIPE;https://www.swedishbulls.com/SignalPage.aspx?lang=en&Ticker=FPIP.ST;113.31
AM1S.ST;AHLSTROM-MUNKSJO;https://www.swedishbulls.com/SignalPage.aspx?lang=en&Ticker=AM1S.ST;113.27
EAST.ST;EASTNINE;https://www.swedishbulls.com/SignalPage.aspx?lang=en&Ticker=EAST.ST;113.26
KLED.ST;KUNGSLEDEN;https://www.swedishbulls.com/SignalPage.aspx?lang=en&Ticker=KLED.ST;113.15
43825.ST;I.A.R SYSTEMS GROUP;https://www.swedishbulls.com/SignalPage.aspx?lang=en&Ticker=43825.ST;113.09
SJR-B.ST;SJR B;https://www.swedishbulls.com/SignalPage.aspx?lang=en&Ticker=SJR-B.ST;113.01
MELK.ST;MELKER SCHORLING;https://www.swedishbulls.com/SignalPage.aspx?lang=en&Ticker=MELK.ST;112.82
LEX.ST;LEXINGTON COMPANY;https://www.swedishbulls.com/SignalPage.aspx?lang=en&Ticker=LEX.ST;112.8
SAGA-D.ST;SAGAX LINE D;https://www.swedishbulls.com/SignalPage.aspx?lang=en&Ticker=SAGA-D.ST;112.72
MULT.NGM;MULTIDOCKER CARGO HANDLING;https://www.swedishbulls.com/SignalPage.aspx?lang=en&Ticker=MULT.NGM;112.69
AIK-B.NGM;AIK FOTBALL B;https://www.swedishbulls.com/SignalPage.aspx?lang=en&Ticker=AIK-B.NGM;112.6
AQ.ST;AROS QUALITY;https://www.swedishbulls.com/SignalPage.aspx?lang=en&Ticker=AQ.ST;112.59
FNMA-PREF.ST;FNMA PREF PRF;https://www.swedishbulls.com/SignalPage.aspx?lang=en&Ticker=FNMA-PREF.ST;112.46
XVIVO.ST;XVIVO PERFUS;https://www.swedishbulls.com/SignalPage.aspx?lang=en&Ticker=XVIVO.ST;112.16
INDU-A.ST;INDUSTRIVARDEN A;https://www.swedishbulls.com/SignalPage.aspx?lang=en&Ticker=INDU-A.ST;112.14
CAPAC.ST;CAPACENT HOLDING;https://www.swedishbulls.com/SignalPage.aspx?lang=en&Ticker=CAPAC.ST;112
GPX.ST;GASPOROX;https://www.swedishbulls.com/SignalPage.aspx?lang=en&Ticker=GPX.ST;111.92
VEMF-SDB.ST;VOSTOK EMERGING FINANCE SDR;https://www.swedishbulls.com/SignalPage.aspx?lang=en&Ticker=VEMF-SDB.ST;111.64
AUTO.ST;VA AUTOMOTIVE;https://www.swedishbulls.com/SignalPage.aspx?lang=en&Ticker=AUTO.ST;111.6
IQSE.NGM;IQS ENERGI KOMFORT;https://www.swedishbulls.com/SignalPage.aspx?lang=en&Ticker=IQSE.NGM;111.59
NOBI.ST;NOBIA;https://www.swedishbulls.com/SignalPage.aspx?lang=en&Ticker=NOBI.ST;111.58
KLAR.ST;KLARIA PHARMA;https://www.swedishbulls.com/SignalPage.aspx?lang=en&Ticker=KLAR.ST;111.46
DIST.ST;DISTIT;https://www.swedishbulls.com/SignalPage.aspx?lang=en&Ticker=DIST.ST;111.38
LIAB.ST;LINDAB INTERNATIONAL;https://www.swedishbulls.com/SignalPage.aspx?lang=en&Ticker=LIAB.ST;111.23
NDA-SEK.ST;NORDEA BANK;https://www.swedishbulls.com/SignalPage.aspx?lang=en&Ticker=NDA-SEK.ST;111.21
HPOL-B.ST;HEXPOL B;https://www.swedishbulls.com/SignalPage.aspx?lang=en&Ticker=HPOL-B.ST;111.15
MTG-B.ST;MODERN TIMES GROUP MTG B;https://www.swedishbulls.com/SignalPage.aspx?lang=en&Ticker=MTG-B.ST;111.13
SAGA-A.ST;SAGAX;https://www.swedishbulls.com/SignalPage.aspx?lang=en&Ticker=SAGA-A.ST;111.13
SAGA-B.ST;SAGAX B;https://www.swedishbulls.com/SignalPage.aspx?lang=en&Ticker=SAGA-B.ST;110.96
COIC.ST;CONCENTRIC;https://www.swedishbulls.com/SignalPage.aspx?lang=en&Ticker=COIC.ST;110.91
DCAR-B.ST;D CARNEGIE & CO B;https://www.swedishbulls.com/SignalPage.aspx?lang=en&Ticker=DCAR-B.ST;110.85
AVEN.ST;AVENSIA;https://www.swedishbulls.com/SignalPage.aspx?lang=en&Ticker=AVEN.ST;110.76
BORG.ST;BJORN BORG;https://www.swedishbulls.com/SignalPage.aspx?lang=en&Ticker=BORG.ST;110.72
TEL2-B.ST;TELE2 B;https://www.swedishbulls.com/SignalPage.aspx?lang=en&Ticker=TEL2-B.ST;110.72
ENZY.ST;ENZYMATICA;https://www.swedishbulls.com/SignalPage.aspx?lang=en&Ticker=ENZY.ST;110.64
LATO-B.ST;LATOUR INVESTMENT B;https://www.swedishbulls.com/SignalPage.aspx?lang=en&Ticker=LATO-B.ST;110.54
ATT.ST;ATTENDO;https://www.swedishbulls.com/SignalPage.aspx?lang=en&Ticker=ATT.ST;110.51
XACT-BULL.ST;XACT BULL ETF;https://www.swedishbulls.com/SignalPage.aspx?lang=en&Ticker=XACT-BULL.ST;110.38
CORE-PREF.ST;COREM PROPERTY GROUP PRF;https://www.swedishbulls.com/SignalPage.aspx?lang=en&Ticker=CORE-PREF.ST;110.36
MINEST.ST;MINESTO;https://www.swedishbulls.com/SignalPage.aspx?lang=en&Ticker=MINEST.ST;110.27
OEM-B.ST;OEM INTERNATIONAL B;https://www.swedishbulls.com/SignalPage.aspx?lang=en&Ticker=OEM-B.ST;110.27
NETI-B.ST;NET INSIGHT B;https://www.swedishbulls.com/SignalPage.aspx?lang=en&Ticker=NETI-B.ST;110.12
JM.ST;JM;https://www.swedishbulls.com/SignalPage.aspx?lang=en&Ticker=JM.ST;109.79
VIT-B.ST;VITEC SOFTWARE GROUP B;https://www.swedishbulls.com/SignalPage.aspx?lang=en&Ticker=VIT-B.ST;109.79
ALCA.ST;ALCADON GROUP;https://www.swedishbulls.com/SignalPage.aspx?lang=en&Ticker=ALCA.ST;109.74
OBDU-PREF-B.NGM;OBDUCAT PRF;https://www.swedishbulls.com/SignalPage.aspx?lang=en&Ticker=OBDU-PREF-B.NGM;109.7
ELUX-B.ST;ELECTROLUX B;https://www.swedishbulls.com/SignalPage.aspx?lang=en&Ticker=ELUX-B.ST;109.56
ADDT-B.ST;ADDTECH B;https://www.swedishbulls.com/SignalPage.aspx?lang=en&Ticker=ADDT-B.ST;109.5
GARO.ST;GARO;https://www.swedishbulls.com/SignalPage.aspx?lang=en&Ticker=GARO.ST;109.4
IMMNOV.ST;IMMUNOVIA;https://www.swedishbulls.com/SignalPage.aspx?lang=en&Ticker=IMMNOV.ST;109.38
CCC.ST;CAVOTEC;https://www.swedishbulls.com/SignalPage.aspx?lang=en&Ticker=CCC.ST;109.35
BONG.ST;BONG;https://www.swedishbulls.com/SignalPage.aspx?lang=en&Ticker=BONG.ST;109.27
ZETA.ST;ZETA DISPLAY;https://www.swedishbulls.com/SignalPage.aspx?lang=en&Ticker=ZETA.ST;109.22
HIFA-B.ST;HIFA B;https://www.swedishbulls.com/SignalPage.aspx?lang=en&Ticker=HIFA-B.ST;109.21
HEMF-PREF.ST;HEMFOSA FASTIGHETER PRF;https://www.swedishbulls.com/SignalPage.aspx?lang=en&Ticker=HEMF-PREF.ST;109.13
ATCO-A.ST;ATLAS COPCO A;https://www.swedishbulls.com/SignalPage.aspx?lang=en&Ticker=ATCO-A.ST;109.12
ALIG.ST;ALIMAK GROUP;https://www.swedishbulls.com/SignalPage.aspx?lang=en&Ticker=ALIG.ST;109.1
KINV-B.ST;KINNEVIK B;https://www.swedishbulls.com/SignalPage.aspx?lang=en&Ticker=KINV-B.ST;109.05
ALLG-B.ST;ALLGON B;https://www.swedishbulls.com/SignalPage.aspx?lang=en&Ticker=ALLG-B.ST;109.02
SDIP-PREF.ST;SDIPTECH PRF;https://www.swedishbulls.com/SignalPage.aspx?lang=en&Ticker=SDIP-PREF.ST;108.95
SES.ST;SCAND ENVIRO SYS;https://www.swedishbulls.com/SignalPage.aspx?lang=en&Ticker=SES.ST;108.95
INVE-A.ST;INVESTOR A;https://www.swedishbulls.com/SignalPage.aspx?lang=en&Ticker=INVE-A.ST;108.85
AZA.ST;AVANZA BANK HOLDING;https://www.swedishbulls.com/SignalPage.aspx?lang=en&Ticker=AZA.ST;108.8
ICA.ST;ICA GRUPPEN;https://www.swedishbulls.com/SignalPage.aspx?lang=en&Ticker=ICA.ST;108.78
ZETA-PREF.ST;ZETADISPLAY PRF;https://www.swedishbulls.com/SignalPage.aspx?lang=en&Ticker=ZETA-PREF.ST;108.66
ALIF-B.ST;ADDLIFE;https://www.swedishbulls.com/SignalPage.aspx?lang=en&Ticker=ALIF-B.ST;108.59
GHUS-B.ST;GOTENEHUS GROUP B;https://www.swedishbulls.com/SignalPage.aspx?lang=en&Ticker=GHUS-B.ST;108.58
ADDERA.ST;ADDERACARE;https://www.swedishbulls.com/SignalPage.aspx?lang=en&Ticker=ADDERA.ST;108.57
SVIK.ST;STUDSVIK;https://www.swedishbulls.com/SignalPage.aspx?lang=en&Ticker=SVIK.ST;108.56
TLSN.ST;TELIA COMPANY;https://www.swedishbulls.com/SignalPage.aspx?lang=en&Ticker=TLSN.ST;108.47
DOM.ST;DOMETIC GROUP;https://www.swedishbulls.com/SignalPage.aspx?lang=en&Ticker=DOM.ST;108.36
POLY.ST;POLYPLANK;https://www.swedishbulls.com/SignalPage.aspx?lang=en&Ticker=POLY.ST;108.34
KAPIAB.ST;KALLEBACK PROPERTY INVEST;https://www.swedishbulls.com/SignalPage.aspx?lang=en&Ticker=KAPIAB.ST;108.32
PEAB-B.ST;PEAB B;https://www.swedishbulls.com/SignalPage.aspx?lang=en&Ticker=PEAB-B.ST;108.32
ENRO-PREF.ST;ENIRO PRF;https://www.swedishbulls.com/SignalPage.aspx?lang=en&Ticker=ENRO-PREF.ST;108.14
NEPA.ST;NEPA;https://www.swedishbulls.com/SignalPage.aspx?lang=en&Ticker=NEPA.ST;108.01
ENG.ST;INTERNATIONELLA ENGELSKA SKOLAN I SV;https://www.swedishbulls.com/SignalPage.aspx?lang=en&Ticker=ENG.ST;107.99
RATO-A.ST;RATOS A;https://www.swedishbulls.com/SignalPage.aspx?lang=en&Ticker=RATO-A.ST;107.96
NIBE-B.ST;NIBE INDUSTRIER B;https://www.swedishbulls.com/SignalPage.aspx?lang=en&Ticker=NIBE-B.ST;107.81
LUND-B.ST;LUNDBERGFORETAGEN B;https://www.swedishbulls.com/SignalPage.aspx?lang=en&Ticker=LUND-B.ST;107.7
TREL-B.ST;TRELLEBORG B;https://www.swedishbulls.com/SignalPage.aspx?lang=en&Ticker=TREL-B.ST;107.7
VRG-B.ST;VENUE B;https://www.swedishbulls.com/SignalPage.aspx?lang=en&Ticker=VRG-B.ST;107.68
STIL.ST;STILLE;https://www.swedishbulls.com/SignalPage.aspx?lang=en&Ticker=STIL.ST;107.6
FABG.ST;FABEGE AB;https://www.swedishbulls.com/SignalPage.aspx?lang=en&Ticker=FABG.ST;107.57
REZT.ST;REZIDOR HOTEL GROUP;https://www.swedishbulls.com/SignalPage.aspx?lang=en&Ticker=REZT.ST;107.51
NP3.ST;NP3 FASTIGHETER;https://www.swedishbulls.com/SignalPage.aspx?lang=en&Ticker=NP3.ST;107.31
TIEN.ST;TIETO;https://www.swedishbulls.com/SignalPage.aspx?lang=en&Ticker=TIEN.ST;107.21
BOL.ST;BOLIDEN;https://www.swedishbulls.com/SignalPage.aspx?lang=en&Ticker=BOL.ST;107.19
UFLX-B.ST;UNIFLEX B;https://www.swedishbulls.com/SignalPage.aspx?lang=en&Ticker=UFLX-B.ST;107.02
ORES.ST;INVESTMENT OERESUND;https://www.swedishbulls.com/SignalPage.aspx?lang=en&Ticker=ORES.ST;106.93
ADVE.ST;ADVENICA;https://www.swedishbulls.com/SignalPage.aspx?lang=en&Ticker=ADVE.ST;106.8
GHP.ST;GHP SPECIALTY CARE;https://www.swedishbulls.com/SignalPage.aspx?lang=en&Ticker=GHP.ST;106.72
MCNH.NGM;MEDICA CLINICAL NORTH;https://www.swedishbulls.com/SignalPage.aspx?lang=en&Ticker=MCNH.NGM;106.58
MEAB-B.ST;MALMBERGS ELEKTRISKA B;https://www.swedishbulls.com/SignalPage.aspx?lang=en&Ticker=MEAB-B.ST;106.57
ELAN-B.ST;ELANDERS B;https://www.swedishbulls.com/SignalPage.aspx?lang=en&Ticker=ELAN-B.ST;106.46
IS.ST;IMAGE SYSTEMS;https://www.swedishbulls.com/SignalPage.aspx?lang=en&Ticker=IS.ST;106.44
PEGRO-PREF.ST;PEGROCO INVEST PRF;https://www.swedishbulls.com/SignalPage.aspx?lang=en&Ticker=PEGRO-PREF.ST;106.43
BRE2.ST;BREDBAND2 I SKANDINAVIEN;https://www.swedishbulls.com/SignalPage.aspx?lang=en&Ticker=BRE2.ST;106.3
TRENT.ST;TRENTION;https://www.swedishbulls.com/SignalPage.aspx?lang=en&Ticker=TRENT.ST;106.01
XACT-NORDEN-30.ST;XACT NORDEN 30 ETF;https://www.swedishbulls.com/SignalPage.aspx?lang=en&Ticker=XACT-NORDEN-30.ST;105.89
ESSITY-B.ST;ESSITY;https://www.swedishbulls.com/SignalPage.aspx?lang=en&Ticker=ESSITY-B.ST;105.85
STAR-B.ST;STARBREEZE B;https://www.swedishbulls.com/SignalPage.aspx?lang=en&Ticker=STAR-B.ST;105.79
SECARE.ST;SWEDENCARE;https://www.swedishbulls.com/SignalPage.aspx?lang=en&Ticker=SECARE.ST;105.52
NGS.ST;NGS GROUP;https://www.swedishbulls.com/SignalPage.aspx?lang=en&Ticker=NGS.ST;105.49
NOKIA-SEK.ST;NOKIA;https://www.swedishbulls.com/SignalPage.aspx?lang=en&Ticker=NOKIA-SEK.ST;105.44
INISS-B.ST;INISSION;https://www.swedishbulls.com/SignalPage.aspx?lang=en&Ticker=INISS-B.ST;105.4
KLOV-PREF.ST;KLOVERN PREF CNV PRF;https://www.swedishbulls.com/SignalPage.aspx?lang=en&Ticker=KLOV-PREF.ST;105.36
SHOT.ST;SCANDIC HOTELS GROUP;https://www.swedishbulls.com/SignalPage.aspx?lang=en&Ticker=SHOT.ST;105.04
INDU-C.ST;INDUSTRIVARDEN C;https://www.swedishbulls.com/SignalPage.aspx?lang=en&Ticker=INDU-C.ST;105.03
ARP.ST;ARCTIC PAPER;https://www.swedishbulls.com/SignalPage.aspx?lang=en&Ticker=ARP.ST;104.64
BRIN-B.ST;BRINOVA FASTIGHETER;https://www.swedishbulls.com/SignalPage.aspx?lang=en&Ticker=BRIN-B.ST;104.62
RLS.ST;RUBICON LIFE SCIENCE;https://www.swedishbulls.com/SignalPage.aspx?lang=en&Ticker=RLS.ST;104.54
BIOG-B.ST;BIOGAIA B;https://www.swedishbulls.com/SignalPage.aspx?lang=en&Ticker=BIOG-B.ST;104.53
ARCM.ST;ARCAM;https://www.swedishbulls.com/SignalPage.aspx?lang=en&Ticker=ARCM.ST;104.45
CONS-B.ST;CONSILIUM B;https://www.swedishbulls.com/SignalPage.aspx?lang=en&Ticker=CONS-B.ST;104.37
NWG.ST;NORDIC WATERPROOFING HOLDING;https://www.swedishbulls.com/SignalPage.aspx?lang=en&Ticker=NWG.ST;104.25
CTM.ST;CATENA MEDIA;https://www.swedishbulls.com/SignalPage.aspx?lang=en&Ticker=CTM.ST;104.23
HM-B.ST;HENNES & MAURITZ B;https://www.swedishbulls.com/SignalPage.aspx?lang=en&Ticker=HM-B.ST;104.23
VNV-SDB.ST;VOSTOK NEW VENTURES SDR;https://www.swedishbulls.com/SignalPage.aspx?lang=en&Ticker=VNV-SDB.ST;104.22
BALD-B.ST;FASTIGHETS BALDER B;https://www.swedishbulls.com/SignalPage.aspx?lang=en&Ticker=BALD-B.ST;104.18
PLAZ-B.ST;PLATZER FASTIGHETER;https://www.swedishbulls.com/SignalPage.aspx?lang=en&Ticker=PLAZ-B.ST;104.18
AMBEA.ST;AMBEA;https://www.swedishbulls.com/SignalPage.aspx?lang=en&Ticker=AMBEA.ST;104.13
HUFV-A.ST;HUFVUDSTADEN A;https://www.swedishbulls.com/SignalPage.aspx?lang=en&Ticker=HUFV-A.ST;104.01
FMM-B.ST;FM MATTSSON MORA GROUP;https://www.swedishbulls.com/SignalPage.aspx?lang=en&Ticker=FMM-B.ST;103.89
ESSITY-A.ST;ESSITY;https://www.swedishbulls.com/SignalPage.aspx?lang=en&Ticker=ESSITY-A.ST;103.87
PFE.ST;PFIZER;https://www.swedishbulls.com/SignalPage.aspx?lang=en&Ticker=PFE.ST;103.76
ITAB-B.ST;ITAB SHOP CONCEPT;https://www.swedishbulls.com/SignalPage.aspx?lang=en&Ticker=ITAB-B.ST;103.73
SAGA-PREF.ST;SAGAX PRF;https://www.swedishbulls.com/SignalPage.aspx?lang=en&Ticker=SAGA-PREF.ST;103.62
DUNI.ST;DUNI;https://www.swedishbulls.com/SignalPage.aspx?lang=en&Ticker=DUNI.ST;103.24
FOOT-PREF.ST;FOOTWAY GROUP PRF;https://www.swedishbulls.com/SignalPage.aspx?lang=en&Ticker=FOOT-PREF.ST;103.24
HOLM-B.ST;HOLMEN B;https://www.swedishbulls.com/SignalPage.aspx?lang=en&Ticker=HOLM-B.ST;103.21
VOLO-PREF.ST;VOLATI PRF;https://www.swedishbulls.com/SignalPage.aspx?lang=en&Ticker=VOLO-PREF.ST;103.2
RATO-B.ST;RATOS B;https://www.swedishbulls.com/SignalPage.aspx?lang=en&Ticker=RATO-B.ST;103.19
AAK.ST;AARHUSKARLSHAMN;https://www.swedishbulls.com/SignalPage.aspx?lang=en&Ticker=AAK.ST;103.18
SWEC-B.ST;SWECO B;https://www.swedishbulls.com/SignalPage.aspx?lang=en&Ticker=SWEC-B.ST;103.15
WISE.ST;WISE GROUP;https://www.swedishbulls.com/SignalPage.aspx?lang=en&Ticker=WISE.ST;103.07
KOPY.ST;KOPY GOLDFIELDS;https://www.swedishbulls.com/SignalPage.aspx?lang=en&Ticker=KOPY.ST;103.05
CAST.ST;CASTELLUM;https://www.swedishbulls.com/SignalPage.aspx?lang=en&Ticker=CAST.ST;103.04
EOLU-B.ST;EOLUS VIND B;https://www.swedishbulls.com/SignalPage.aspx?lang=en&Ticker=EOLU-B.ST;102.98
SWMA.ST;SWEDISH MATCH;https://www.swedishbulls.com/SignalPage.aspx?lang=en&Ticker=SWMA.ST;102.98
GUNN.ST;GUNNEBO;https://www.swedishbulls.com/SignalPage.aspx?lang=en&Ticker=GUNN.ST;102.95
XACT-BULL-2.ST;XACT BULL2 ETF;https://www.swedishbulls.com/SignalPage.aspx?lang=en&Ticker=XACT-BULL-2.ST;102.75
NCC-B.ST;NCC B;https://www.swedishbulls.com/SignalPage.aspx?lang=en&Ticker=NCC-B.ST;102.72
EWRK.ST;EWORK GROUP;https://www.swedishbulls.com/SignalPage.aspx?lang=en&Ticker=EWRK.ST;102.65
BOOZT.ST;BOOZT;https://www.swedishbulls.com/SignalPage.aspx?lang=en&Ticker=BOOZT.ST;102.58
XACT-SMABOLAG.ST;XACT SVENSKA SMABOLAG UCITS ETF;https://www.swedishbulls.com/SignalPage.aspx?lang=en&Ticker=XACT-SMABOLAG.ST;102.1
LUPE.ST;LUNDIN PETROLEUM;https://www.swedishbulls.com/SignalPage.aspx?lang=en&Ticker=LUPE.ST;102.06
BONAV-B.ST;BONAVA B;https://www.swedishbulls.com/SignalPage.aspx?lang=en&Ticker=BONAV-B.ST;101.81
COMH.ST;COM HEM HOLDING;https://www.swedishbulls.com/SignalPage.aspx?lang=en&Ticker=COMH.ST;101.8
ALM-PREF.ST;ALM PRF;https://www.swedishbulls.com/SignalPage.aspx?lang=en&Ticker=ALM-PREF.ST;101.66
ALFA.ST;ALFA LAVAL;https://www.swedishbulls.com/SignalPage.aspx?lang=en&Ticker=ALFA.ST;101.65
SDIP-B.ST;SDIPTECH;https://www.swedishbulls.com/SignalPage.aspx?lang=en&Ticker=SDIP-B.ST;101.61
XACT-BEAR-2.ST;XACT BEAR2 ETF;https://www.swedishbulls.com/SignalPage.aspx?lang=en&Ticker=XACT-BEAR-2.ST;101.49
ISOFOL.ST;ISOFOL MEDICAL;https://www.swedishbulls.com/SignalPage.aspx?lang=en&Ticker=ISOFOL.ST;101.45
K2A-PREF.ST;K2A KNAUST & AND ANDERSSON FASTIGHET;https://www.swedishbulls.com/SignalPage.aspx?lang=en&Ticker=K2A-PREF.ST;101.4
FING-B.ST;FINGERPRINT CARDS B;https://www.swedishbulls.com/SignalPage.aspx?lang=en&Ticker=FING-B.ST;101.16
NTGRP.NGM;NET TRADING GROUP NTG;https://www.swedishbulls.com/SignalPage.aspx?lang=en&Ticker=NTGRP.NGM;101.12
MTRS.ST;MUNTERS GROUP;https://www.swedishbulls.com/SignalPage.aspx?lang=en&Ticker=MTRS.ST;101.07
EFFP.ST;EFFNETPLATTFORMEN;https://www.swedishbulls.com/SignalPage.aspx?lang=en&Ticker=EFFP.ST;100.94
SHB-A.ST;SVENSKA HANDELSBANKEN A;https://www.swedishbulls.com/SignalPage.aspx?lang=en&Ticker=SHB-A.ST;100.93
BONAV-A.ST;BONAVA A;https://www.swedishbulls.com/SignalPage.aspx?lang=en&Ticker=BONAV-A.ST;100.85
INWI.ST;INWIDO;https://www.swedishbulls.com/SignalPage.aspx?lang=en&Ticker=INWI.ST;100.85
PNDX-B.ST;PANDOX;https://www.swedishbulls.com/SignalPage.aspx?lang=en&Ticker=PNDX-B.ST;100.81
BALD-PREF.ST;FASTIGHETS AB BALDER PRF;https://www.swedishbulls.com/SignalPage.aspx?lang=en&Ticker=BALD-PREF.ST;100.71
SEMC.ST;SEMCON;https://www.swedishbulls.com/SignalPage.aspx?lang=en&Ticker=SEMC.ST;100.55
SEB-C.ST;SE BANKEN C;https://www.swedishbulls.com/SignalPage.aspx?lang=en&Ticker=SEB-C.ST;100.54
XACT-BEAR.ST;XACT BEAR ETF;https://www.swedishbulls.com/SignalPage.aspx?lang=en&Ticker=XACT-BEAR.ST;100.47
ACM.ST;A CITY MEDIA;https://www.swedishbulls.com/SignalPage.aspx?lang=en&Ticker=ACM.ST;100.46
CAPIO.ST;CAPIO;https://www.swedishbulls.com/SignalPage.aspx?lang=en&Ticker=CAPIO.ST;100.42
TFBANK.ST;TF BANK;https://www.swedishbulls.com/SignalPage.aspx?lang=en&Ticker=TFBANK.ST;100.38
SECT-B.ST;SECTRA B;https://www.swedishbulls.com/SignalPage.aspx?lang=en&Ticker=SECT-B.ST;100.31
HOFI.ST;HOIST FINANCE;https://www.swedishbulls.com/SignalPage.aspx?lang=en&Ticker=HOFI.ST;100.21
AHSL.ST;AHLSELL;https://www.swedishbulls.com/SignalPage.aspx?lang=en&Ticker=AHSL.ST;100.03
ELEC.ST;ELECTRA GRUPPEN;https://www.swedishbulls.com/SignalPage.aspx?lang=en&Ticker=ELEC.ST;100.01
OP-PREF.ST;OSCAR PROPERTIES PRF;https://www.swedishbulls.com/SignalPage.aspx?lang=en&Ticker=OP-PREF.ST;99.96
TOBIN-PREF.ST;TOBIN PROPERTIES PRF;https://www.swedishbulls.com/SignalPage.aspx?lang=en&Ticker=TOBIN-PREF.ST;99.89
XACTHDIV.ST;XACTHDIV ETF;https://www.swedishbulls.com/SignalPage.aspx?lang=en&Ticker=XACTHDIV.ST;99.81
XMEM.ST;DB X-TRACKERS MSCI EM ETF;https://www.swedishbulls.com/SignalPage.aspx?lang=en&Ticker=XMEM.ST;99.78
HEIM-PREF.ST;HEIMSDATEN PRF;https://www.swedishbulls.com/SignalPage.aspx?lang=en&Ticker=HEIM-PREF.ST;99.65
XACT-OMXSB-UTD.ST;XACT OMXSB Utd ETF;https://www.swedishbulls.com/SignalPage.aspx?lang=en&Ticker=XACT-OMXSB-UTD.ST;99.61
LAMM-B.ST;LAMMHULTS DESIGN GROUP B;https://www.swedishbulls.com/SignalPage.aspx?lang=en&Ticker=LAMM-B.ST;99.51
KNOW.ST;KNOW IT;https://www.swedishbulls.com/SignalPage.aspx?lang=en&Ticker=KNOW.ST;99.43
SIMRIS-B.ST;SIMRIS ALG;https://www.swedishbulls.com/SignalPage.aspx?lang=en&Ticker=SIMRIS-B.ST;99.42
AXIS.ST;AXIS;https://www.swedishbulls.com/SignalPage.aspx?lang=en&Ticker=AXIS.ST;99.38
SEB-A.ST;SE BANKEN A;https://www.swedishbulls.com/SignalPage.aspx?lang=en&Ticker=SEB-A.ST;99.38
CBTT-B.ST;CHRISTIAN BERNER TECH TRADE;https://www.swedishbulls.com/SignalPage.aspx?lang=en&Ticker=CBTT-B.ST;99.31
GPG-PREF.ST;GENOVA PROPERTY GROUP PRF;https://www.swedishbulls.com/SignalPage.aspx?lang=en&Ticker=GPG-PREF.ST;99.3
OPUS.ST;OPUS GROUP;https://www.swedishbulls.com/SignalPage.aspx?lang=en&Ticker=OPUS.ST;99.1
QUART-PREF.ST;QUARTIERS PROPERTIES PRF;https://www.swedishbulls.com/SignalPage.aspx?lang=en&Ticker=QUART-PREF.ST;99.09
FIRE.ST;FIREFLY;https://www.swedishbulls.com/SignalPage.aspx?lang=en&Ticker=FIRE.ST;98.99
AF-B.ST;AF B;https://www.swedishbulls.com/SignalPage.aspx?lang=en&Ticker=AF-B.ST;98.98
ZZ-B.ST;ZINZINO AB;https://www.swedishbulls.com/SignalPage.aspx?lang=en&Ticker=ZZ-B.ST;98.98
GUGEO.NGM;GUIDELINE GEO;https://www.swedishbulls.com/SignalPage.aspx?lang=en&Ticker=GUGEO.NGM;98.8
MCOV-B.ST;MEDICOVER;https://www.swedishbulls.com/SignalPage.aspx?lang=en&Ticker=MCOV-B.ST;98.75
HOGK-PREF-A.ST;AKTIEBOLAGET HOGKULLEN PRF;https://www.swedishbulls.com/SignalPage.aspx?lang=en&Ticker=HOGK-PREF-A.ST;98.65
BUSER.ST;BAMBUSER;https://www.swedishbulls.com/SignalPage.aspx?lang=en&Ticker=BUSER.ST;98.44
SOBI.ST;SWEDISH ORPHAN BIOVITRUM;https://www.swedishbulls.com/SignalPage.aspx?lang=en&Ticker=SOBI.ST;98.37
XMWO.ST;DBX MSCI WORLD ETF;https://www.swedishbulls.com/SignalPage.aspx?lang=en&Ticker=XMWO.ST;98.36
BILL.ST;BILLERUD KORSNAS;https://www.swedishbulls.com/SignalPage.aspx?lang=en&Ticker=BILL.ST;98.24
STRAX.ST;STRAX;https://www.swedishbulls.com/SignalPage.aspx?lang=en&Ticker=STRAX.ST;98.13
XESC.ST;DBX ES50 DR 1C ETF;https://www.swedishbulls.com/SignalPage.aspx?lang=en&Ticker=XESC.ST;98.07
ADDV-B.ST;ADDVISE GROUP;https://www.swedishbulls.com/SignalPage.aspx?lang=en&Ticker=ADDV-B.ST;98.06
BTS-B.ST;BTS GROUP B;https://www.swedishbulls.com/SignalPage.aspx?lang=en&Ticker=BTS-B.ST;97.9
HOLM-A.ST;HOLMEN A;https://www.swedishbulls.com/SignalPage.aspx?lang=en&Ticker=HOLM-A.ST;97.76
CLAS-B.ST;CLAS OHLSON B;https://www.swedishbulls.com/SignalPage.aspx?lang=en&Ticker=CLAS-B.ST;97.69
OP-PREFB.ST;OSCAR PROPERTIES HOLDING PRF;https://www.swedishbulls.com/SignalPage.aspx?lang=en&Ticker=OP-PREFB.ST;97.65
AGORA-PREF.ST;AGORA PREF PRF;https://www.swedishbulls.com/SignalPage.aspx?lang=en&Ticker=AGORA-PREF.ST;97.61
HUSQ-B.ST;HUSQVARNA B;https://www.swedishbulls.com/SignalPage.aspx?lang=en&Ticker=HUSQ-B.ST;97.33
CAT-A.ST;CATELLA A;https://www.swedishbulls.com/SignalPage.aspx?lang=en&Ticker=CAT-A.ST;97.02
SAS-PREF.ST;SAS PRF;https://www.swedishbulls.com/SignalPage.aspx?lang=en&Ticker=SAS-PREF.ST;96.97
XACT.ST;XACT OMX30 ETF;https://www.swedishbulls.com/SignalPage.aspx?lang=en&Ticker=XACT.ST;96.95
STEF-B.ST;STENDORREN FASTIGHETER;https://www.swedishbulls.com/SignalPage.aspx?lang=en&Ticker=STEF-B.ST;96.89
CMOTEC-B.ST;SCANDINAVIAN CHEMOTECH;https://www.swedishbulls.com/SignalPage.aspx?lang=en&Ticker=CMOTEC-B.ST;96.86
STE-R.ST;STORA ENSO R;https://www.swedishbulls.com/SignalPage.aspx?lang=en&Ticker=STE-R.ST;96.86
FPAR-PREF.ST;FASTPARTNER PRF;https://www.swedishbulls.com/SignalPage.aspx?lang=en&Ticker=FPAR-PREF.ST;96.7
HEXA-B.ST;HEXAGON B;https://www.swedishbulls.com/SignalPage.aspx?lang=en&Ticker=HEXA-B.ST;96.64
PRIC-B.ST;PRICER B;https://www.swedishbulls.com/SignalPage.aspx?lang=en&Ticker=PRIC-B.ST;96.53
VICP-PREF.ST;VICTORIA PARK PRF;https://www.swedishbulls.com/SignalPage.aspx?lang=en&Ticker=VICP-PREF.ST;96.46
HLDX.ST;HALDEX;https://www.swedishbulls.com/SignalPage.aspx?lang=en&Ticker=HLDX.ST;96.41
AKEL-PREF.ST;AKELIUS RESIDENTIAL PREF PRF;https://www.swedishbulls.com/SignalPage.aspx?lang=en&Ticker=AKEL-PREF.ST;96.31
SAPIAB.ST;SALTANGEN;https://www.swedishbulls.com/SignalPage.aspx?lang=en&Ticker=SAPIAB.ST;96.22
ATORX.ST;ALLIGATOR BIOSCIENCE;https://www.swedishbulls.com/SignalPage.aspx?lang=en&Ticker=ATORX.ST;96.11
HUSQ-A.ST;HUSQVARNA A;https://www.swedishbulls.com/SignalPage.aspx?lang=en&Ticker=HUSQ-A.ST;96.09
ASSA-B.ST;ASSA ABLOY B;https://www.swedishbulls.com/SignalPage.aspx?lang=en&Ticker=ASSA-B.ST;95.97
AMAST-PREF.ST;AMASTEN HOLDING PREF SHS;https://www.swedishbulls.com/SignalPage.aspx?lang=en&Ticker=AMAST-PREF.ST;95.9
NHCBHFFS.ST;NORTHERN HORIZON CAPITAL ETF;https://www.swedishbulls.com/SignalPage.aspx?lang=en&Ticker=NHCBHFFS.ST;95.52
ATRLJ-B.ST;ATRIUM LJUNGBERG B;https://www.swedishbulls.com/SignalPage.aspx?lang=en&Ticker=ATRLJ-B.ST;95.32
OP.ST;OSCAR PROPERTIES;https://www.swedishbulls.com/SignalPage.aspx?lang=en&Ticker=OP.ST;95.18
XSPX.ST;DB X-TRACKERS S&P 500 ETF;https://www.swedishbulls.com/SignalPage.aspx?lang=en&Ticker=XSPX.ST;95.16
INSTAL.ST;INSTALCO INTRESSENTER;https://www.swedishbulls.com/SignalPage.aspx?lang=en&Ticker=INSTAL.ST;94.97
MSON-A.ST;MIDSONA A;https://www.swedishbulls.com/SignalPage.aspx?lang=en&Ticker=MSON-A.ST;94.95
MOB.ST;MOBERG PHARMA;https://www.swedishbulls.com/SignalPage.aspx?lang=en&Ticker=MOB.ST;94.78
POLYG.ST;POLYGIENE;https://www.swedishbulls.com/SignalPage.aspx?lang=en&Ticker=POLYG.ST;94.62
LUC.ST;LUCARA DIAMOND;https://www.swedishbulls.com/SignalPage.aspx?lang=en&Ticker=LUC.ST;94.35
MEKO.ST;MEKONOMEN;https://www.swedishbulls.com/SignalPage.aspx?lang=en&Ticker=MEKO.ST;94.35
GCOR.ST;GAMING CORPS;https://www.swedishbulls.com/SignalPage.aspx?lang=en&Ticker=GCOR.ST;94.34
ETX.ST;ETRION;https://www.swedishbulls.com/SignalPage.aspx?lang=en&Ticker=ETX.ST;94.03
FAG.ST;FAGERHULT;https://www.swedishbulls.com/SignalPage.aspx?lang=en&Ticker=FAG.ST;93.89
BRAV.ST;BRAVIDA HOLDING;https://www.swedishbulls.com/SignalPage.aspx?lang=en&Ticker=BRAV.ST;93.49
PRCO-B.ST;PRECIO FISHBONE B;https://www.swedishbulls.com/SignalPage.aspx?lang=en&Ticker=PRCO-B.ST;93.49
ORGC.ST;ORGANOCLICK;https://www.swedishbulls.com/SignalPage.aspx?lang=en&Ticker=ORGC.ST;93.48
XINT.ST;XINTELA;https://www.swedishbulls.com/SignalPage.aspx?lang=en&Ticker=XINT.ST;93.41
LIFE%20B;LIFEASSAYS B;https://www.swedishbulls.com/SignalPage.aspx?lang=en&Ticker=LIFE%20B;93.24
HEBA-B.ST;HEBA FASTIGHETS B;https://www.swedishbulls.com/SignalPage.aspx?lang=en&Ticker=HEBA-B.ST;93.22
TERRNT-B.ST;TERRANET HOLDING;https://www.swedishbulls.com/SignalPage.aspx?lang=en&Ticker=TERRNT-B.ST;93.2
ALELIO.ST;ALELION ENERGY SYSTEMS;https://www.swedishbulls.com/SignalPage.aspx?lang=en&Ticker=ALELIO.ST;93.16
FRNT-B.NGM;FRONTOFFICE NORDIC B;https://www.swedishbulls.com/SignalPage.aspx?lang=en&Ticker=FRNT-B.NGM;92.84
CLEM.ST;CLEMENDO GROUP;https://www.swedishbulls.com/SignalPage.aspx?lang=en&Ticker=CLEM.ST;92.76
MQ.ST;MQ HOLDING;https://www.swedishbulls.com/SignalPage.aspx?lang=en&Ticker=MQ.ST;92.76
COLL.ST;COLLECTOR;https://www.swedishbulls.com/SignalPage.aspx?lang=en&Ticker=COLL.ST;92.7
SAND.ST;SANDVIK;https://www.swedishbulls.com/SignalPage.aspx?lang=en&Ticker=SAND.ST;92.57
HANZA.ST;HANZA HOLDING;https://www.swedishbulls.com/SignalPage.aspx?lang=en&Ticker=HANZA.ST;92.34
MAXF.ST;MAXFASTIGHETER I SVERIGE;https://www.swedishbulls.com/SignalPage.aspx?lang=en&Ticker=MAXF.ST;92.31
NEWA-B.ST;NEW WAVE GROUP B;https://www.swedishbulls.com/SignalPage.aspx?lang=en&Ticker=NEWA-B.ST;92.3
OLDM.ST;OLD MUTUAL;https://www.swedishbulls.com/SignalPage.aspx?lang=en&Ticker=OLDM.ST;92.17
SWED-A.ST;SWEDBANK A;https://www.swedishbulls.com/SignalPage.aspx?lang=en&Ticker=SWED-A.ST;91.92
BYGGP.ST;BYGGPARTNER I DALARNA HOLDING;https://www.swedishbulls.com/SignalPage.aspx?lang=en&Ticker=BYGGP.ST;91.79
SYSR.ST;SYSTEMAIR;https://www.swedishbulls.com/SignalPage.aspx?lang=en&Ticker=SYSR.ST;91.79
ENQ.ST;ENQUEST;https://www.swedishbulls.com/SignalPage.aspx?lang=en&Ticker=ENQ.ST;91.64
SVED-B.ST;SVEDBERGS I DALSTORP B;https://www.swedishbulls.com/SignalPage.aspx?lang=en&Ticker=SVED-B.ST;91.57
ACARIX.ST;ACARIX;https://www.swedishbulls.com/SignalPage.aspx?lang=en&Ticker=ACARIX.ST;91.42
NIL-B.ST;NILORNGRUPPEN;https://www.swedishbulls.com/SignalPage.aspx?lang=en&Ticker=NIL-B.ST;91.17
ELOS-B.ST;ELOS MEDTECH;https://www.swedishbulls.com/SignalPage.aspx?lang=en&Ticker=ELOS-B.ST;90.98
SVOL-A.ST;SVOLDER A;https://www.swedishbulls.com/SignalPage.aspx?lang=en&Ticker=SVOL-A.ST;90.73
AXFO.ST;AXFOOD;https://www.swedishbulls.com/SignalPage.aspx?lang=en&Ticker=AXFO.ST;90.69
SCST.ST;SCANDI STANDARD;https://www.swedishbulls.com/SignalPage.aspx?lang=en&Ticker=SCST.ST;90.01
DELARK.ST;DELARKA HOLDING;https://www.swedishbulls.com/SignalPage.aspx?lang=en&Ticker=DELARK.ST;89.82
NAXS.ST;NAXS;https://www.swedishbulls.com/SignalPage.aspx?lang=en&Ticker=NAXS.ST;89.26
AMAST.ST;AMSTEN HOLDING B;https://www.swedishbulls.com/SignalPage.aspx?lang=en&Ticker=AMAST.ST;88.68
HAV-B.ST;HAVSFRUN INVESTMENT B;https://www.swedishbulls.com/SignalPage.aspx?lang=en&Ticker=HAV-B.ST;88.39
INTU.ST;INTUITIVE AERIAL;https://www.swedishbulls.com/SignalPage.aspx?lang=en&Ticker=INTU.ST;88.34
RNBS.ST;RETAIL AND BRANDS;https://www.swedishbulls.com/SignalPage.aspx?lang=en&Ticker=RNBS.ST;87.84
B3IT.ST;B3IT MANAGEMENT;https://www.swedishbulls.com/SignalPage.aspx?lang=en&Ticker=B3IT.ST;87.72
SINT.ST;SINTERCAST;https://www.swedishbulls.com/SignalPage.aspx?lang=en&Ticker=SINT.ST;87.71
SOSIL.NGM;SOTKAMO SILVER;https://www.swedishbulls.com/SignalPage.aspx?lang=en&Ticker=SOSIL.NGM;87.7
TCT.ST;TCT TECH SWEDEN;https://www.swedishbulls.com/SignalPage.aspx?lang=en&Ticker=TCT.ST;87.03
NEXAM.ST;NEXAM CHEMICAL HOLDING;https://www.swedishbulls.com/SignalPage.aspx?lang=en&Ticker=NEXAM.ST;86.37
AOI.ST;AFRICA OIL;https://www.swedishbulls.com/SignalPage.aspx?lang=en&Ticker=AOI.ST;85.99
CLEANT-A.ST;CLEANTECH INVEST;https://www.swedishbulls.com/SignalPage.aspx?lang=en&Ticker=CLEANT-A.ST;85.75
CLA-B.ST;CLOETTA B;https://www.swedishbulls.com/SignalPage.aspx?lang=en&Ticker=CLA-B.ST;85.56
OBAB.ST;ONLINE BRANDS NORDIC;https://www.swedishbulls.com/SignalPage.aspx?lang=en&Ticker=OBAB.ST;85.54
KARE.ST;KARESSA PHARMA;https://www.swedishbulls.com/SignalPage.aspx?lang=en&Ticker=KARE.ST;85.34
MOMENT.ST;MOMENT GROUP;https://www.swedishbulls.com/SignalPage.aspx?lang=en&Ticker=MOMENT.ST;84.61
NICO.ST;NICOCCINO HOLD;https://www.swedishbulls.com/SignalPage.aspx?lang=en&Ticker=NICO.ST;84.53
MAXK.ST;MAXKOMPETENS;https://www.swedishbulls.com/SignalPage.aspx?lang=en&Ticker=MAXK.ST;83.96
MULQ.ST;MULTIQ INTERNATIONAL;https://www.swedishbulls.com/SignalPage.aspx?lang=en&Ticker=MULQ.ST;83.76
SWEC-A.ST;SWECO A;https://www.swedishbulls.com/SignalPage.aspx?lang=en&Ticker=SWEC-A.ST;83.36
ELN.ST;ELLEN;https://www.swedishbulls.com/SignalPage.aspx?lang=en&Ticker=ELN.ST;83.21
TCC.ST;TC CONNECT;https://www.swedishbulls.com/SignalPage.aspx?lang=en&Ticker=TCC.ST;81.66
VSSAB-B.ST;VIKING SUPPLY SHIPS;https://www.swedishbulls.com/SignalPage.aspx?lang=en&Ticker=VSSAB-B.ST;81.66
DMYD-B.ST;DIAMYD MEDICAL B;https://www.swedishbulls.com/SignalPage.aspx?lang=en&Ticker=DMYD-B.ST;81.19
43464.ST;STOCKWIK FORVALTNING;https://www.swedishbulls.com/SignalPage.aspx?lang=en&Ticker=43464.ST;79.82
CCOR-B.ST;CONCORDIA MARITIME B;https://www.swedishbulls.com/SignalPage.aspx?lang=en&Ticker=CCOR-B.ST;79.68
WESC.ST;WESC;https://www.swedishbulls.com/SignalPage.aspx?lang=en&Ticker=WESC.ST;79.28
SAXG.ST;SAXLUND GROUP;https://www.swedishbulls.com/SignalPage.aspx?lang=en&Ticker=SAXG.ST;78.33
POOL-B.ST;POOLIA B;https://www.swedishbulls.com/SignalPage.aspx?lang=en&Ticker=POOL-B.ST;75.83
AERO.ST;SVENSKA AEROGEL HOLDING;https://www.swedishbulls.com/SignalPage.aspx?lang=en&Ticker=AERO.ST;74.23
PREV-B.ST;PREVAS B;https://www.swedishbulls.com/SignalPage.aspx?lang=en&Ticker=PREV-B.ST;72.19
TASTE.ST;MYTASTE;https://www.swedishbulls.com/SignalPage.aspx?lang=en&Ticker=TASTE.ST;71.94
TEONE.ST;TARGETEVERYONE;https://www.swedishbulls.com/SignalPage.aspx?lang=en&Ticker=TEONE.ST;69.54
GTAB%20B;GLYCOREX TRANSPLANTATION B;https://www.swedishbulls.com/SignalPage.aspx?lang=en&Ticker=GTAB%20B;69.53
SARSYS.NGM;SCANDINAVIAN AIRPORT AND ROAD SYSTEM;https://www.swedishbulls.com/SignalPage.aspx?lang=en&Ticker=SARSYS.NGM;66.99
ALELIO-TO-1.ST;ALELION ENERGY SYSTEMS SUBSCR OPT;https://www.swedishbulls.com/SignalPage.aspx?lang=en&Ticker=ALELIO-TO-1.ST;66.22
CLDRE-B.NGM;CLOUDREPUBLIC;https://www.swedishbulls.com/SignalPage.aspx?lang=en&Ticker=CLDRE-B.NGM;66.22
TGATE.NGM;THREE GATES;https://www.swedishbulls.com/SignalPage.aspx?lang=en&Ticker=TGATE.NGM;64.63
AUR.ST;AURIANT MINING;https://www.swedishbulls.com/SignalPage.aspx?lang=en&Ticker=AUR.ST;63.21
COMPI.NGM;COMPUTER INNOVATION I VAXJO;https://www.swedishbulls.com/SignalPage.aspx?lang=en&Ticker=COMPI.NGM;61.39
ULED.NGM;UNI-LIGHT LED;https://www.swedishbulls.com/SignalPage.aspx?lang=en&Ticker=ULED.NGM;52.84
IMPC.ST;IMPACT COATINGS;https://www.swedishbulls.com/SignalPage.aspx?lang=en&Ticker=IMPC.ST;51.58
BWL.ST;BRINGWELL;https://www.swedishbulls.com/SignalPage.aspx?lang=en&Ticker=BWL.ST;0
MIND.ST;MINDMANCER;https://www.swedishbulls.com/SignalPage.aspx?lang=en&Ticker=MIND.ST;0
NOMI.ST;NORDIC MINES;https://www.swedishbulls.com/SignalPage.aspx?lang=en&Ticker=NOMI.ST;0
