NAME;URL;VALUE;
COPP-B.ST;https://www.swedishbulls.com/SignalPage.aspx?lang=en&Ticker=COPP-B.ST;9,569.56;https://www.swedishbulls.com/SignalPage.aspx?lang=en&Ticker=COPP-B.ST
CE.ST;https://www.swedishbulls.com/SignalPage.aspx?lang=en&Ticker=CE.ST;6,548.86;https://www.swedishbulls.com/SignalPage.aspx?lang=en&Ticker=CE.ST
SERT.ST;https://www.swedishbulls.com/SignalPage.aspx?lang=en&Ticker=SERT.ST;5,884.45;https://www.swedishbulls.com/SignalPage.aspx?lang=en&Ticker=SERT.ST
SAVOS.ST;https://www.swedishbulls.com/SignalPage.aspx?lang=en&Ticker=SAVOS.ST;4,898.73;https://www.swedishbulls.com/SignalPage.aspx?lang=en&Ticker=SAVOS.ST
SALT-B.ST;https://www.swedishbulls.com/SignalPage.aspx?lang=en&Ticker=SALT-B.ST;3,860.82;https://www.swedishbulls.com/SignalPage.aspx?lang=en&Ticker=SALT-B.ST
FRIM.ST;https://www.swedishbulls.com/SignalPage.aspx?lang=en&Ticker=FRIM.ST;3,854.64;https://www.swedishbulls.com/SignalPage.aspx?lang=en&Ticker=FRIM.ST
CI-B.ST;https://www.swedishbulls.com/SignalPage.aspx?lang=en&Ticker=CI-B.ST;3,506.45;https://www.swedishbulls.com/SignalPage.aspx?lang=en&Ticker=CI-B.ST
PCELL.ST;https://www.swedishbulls.com/SignalPage.aspx?lang=en&Ticker=PCELL.ST;3,160.89;https://www.swedishbulls.com/SignalPage.aspx?lang=en&Ticker=PCELL.ST
BIM.ST;https://www.swedishbulls.com/SignalPage.aspx?lang=en&Ticker=BIM.ST;2,980.28;https://www.swedishbulls.com/SignalPage.aspx?lang=en&Ticker=BIM.ST
MYFC.ST;https://www.swedishbulls.com/SignalPage.aspx?lang=en&Ticker=MYFC.ST;2,930.31;https://www.swedishbulls.com/SignalPage.aspx?lang=en&Ticker=MYFC.ST
G5EN.ST;https://www.swedishbulls.com/SignalPage.aspx?lang=en&Ticker=G5EN.ST;2,511.18;https://www.swedishbulls.com/SignalPage.aspx?lang=en&Ticker=G5EN.ST
PREC.ST;https://www.swedishbulls.com/SignalPage.aspx?lang=en&Ticker=PREC.ST;2,287.98;https://www.swedishbulls.com/SignalPage.aspx?lang=en&Ticker=PREC.ST
SANION.ST;https://www.swedishbulls.com/SignalPage.aspx?lang=en&Ticker=SANION.ST;2,053.73;https://www.swedishbulls.com/SignalPage.aspx?lang=en&Ticker=SANION.ST
FING-B.ST;https://www.swedishbulls.com/SignalPage.aspx?lang=en&Ticker=FING-B.ST;1,885.14;https://www.swedishbulls.com/SignalPage.aspx?lang=en&Ticker=FING-B.ST
NXTMS.ST;https://www.swedishbulls.com/SignalPage.aspx?lang=en&Ticker=NXTMS.ST;1,844.71;https://www.swedishbulls.com/SignalPage.aspx?lang=en&Ticker=NXTMS.ST
ENDO.ST;https://www.swedishbulls.com/SignalPage.aspx?lang=en&Ticker=ENDO.ST;1,660.51;https://www.swedishbulls.com/SignalPage.aspx?lang=en&Ticker=ENDO.ST
ORTI-A.ST;https://www.swedishbulls.com/SignalPage.aspx?lang=en&Ticker=ORTI-A.ST;1,529.41;https://www.swedishbulls.com/SignalPage.aspx?lang=en&Ticker=ORTI-A.ST
BRIG.ST;https://www.swedishbulls.com/SignalPage.aspx?lang=en&Ticker=BRIG.ST;1,485.68;https://www.swedishbulls.com/SignalPage.aspx?lang=en&Ticker=BRIG.ST
BOUL.ST;https://www.swedishbulls.com/SignalPage.aspx?lang=en&Ticker=BOUL.ST;1,412.90;https://www.swedishbulls.com/SignalPage.aspx?lang=en&Ticker=BOUL.ST
TMG.ST;https://www.swedishbulls.com/SignalPage.aspx?lang=en&Ticker=TMG.ST;1,342.04;https://www.swedishbulls.com/SignalPage.aspx?lang=en&Ticker=TMG.ST
AUR.ST;https://www.swedishbulls.com/SignalPage.aspx?lang=en&Ticker=AUR.ST;1,290.27;https://www.swedishbulls.com/SignalPage.aspx?lang=en&Ticker=AUR.ST
ENQ.ST;https://www.swedishbulls.com/SignalPage.aspx?lang=en&Ticker=ENQ.ST;1,270.37;https://www.swedishbulls.com/SignalPage.aspx?lang=en&Ticker=ENQ.ST
CBA.ST;https://www.swedishbulls.com/SignalPage.aspx?lang=en&Ticker=CBA.ST;1,173.56;https://www.swedishbulls.com/SignalPage.aspx?lang=en&Ticker=CBA.ST
ANOT.ST;https://www.swedishbulls.com/SignalPage.aspx?lang=en&Ticker=ANOT.ST;1,166.16;https://www.swedishbulls.com/SignalPage.aspx?lang=en&Ticker=ANOT.ST
TRANS.ST;https://www.swedishbulls.com/SignalPage.aspx?lang=en&Ticker=TRANS.ST;1,135.04;https://www.swedishbulls.com/SignalPage.aspx?lang=en&Ticker=TRANS.ST
NOMI.ST;https://www.swedishbulls.com/SignalPage.aspx?lang=en&Ticker=NOMI.ST;1,117.48;https://www.swedishbulls.com/SignalPage.aspx?lang=en&Ticker=NOMI.ST
MEDR-B.ST;https://www.swedishbulls.com/SignalPage.aspx?lang=en&Ticker=MEDR-B.ST;1,109.35;https://www.swedishbulls.com/SignalPage.aspx?lang=en&Ticker=MEDR-B.ST
DIVI-B.NGM;https://www.swedishbulls.com/SignalPage.aspx?lang=en&Ticker=DIVI-B.NGM;1,030.16;https://www.swedishbulls.com/SignalPage.aspx?lang=en&Ticker=DIVI-B.NGM
SNM.ST;https://www.swedishbulls.com/SignalPage.aspx?lang=en&Ticker=SNM.ST;1,029.90;https://www.swedishbulls.com/SignalPage.aspx?lang=en&Ticker=SNM.ST
SSAB-B.ST;https://www.swedishbulls.com/SignalPage.aspx?lang=en&Ticker=SSAB-B.ST;997.74;https://www.swedishbulls.com/SignalPage.aspx?lang=en&Ticker=SSAB-B.ST
SALT-TO-2B.ST;https://www.swedishbulls.com/SignalPage.aspx?lang=en&Ticker=SALT-TO-2B.ST;990.02;https://www.swedishbulls.com/SignalPage.aspx?lang=en&Ticker=SALT-TO-2B.ST
AAP-B.ST;https://www.swedishbulls.com/SignalPage.aspx?lang=en&Ticker=AAP-B.ST;981.12;https://www.swedishbulls.com/SignalPage.aspx?lang=en&Ticker=AAP-B.ST
CEVI.ST;https://www.swedishbulls.com/SignalPage.aspx?lang=en&Ticker=CEVI.ST;952.23;https://www.swedishbulls.com/SignalPage.aspx?lang=en&Ticker=CEVI.ST
GWS.ST;https://www.swedishbulls.com/SignalPage.aspx?lang=en&Ticker=GWS.ST;893.86;https://www.swedishbulls.com/SignalPage.aspx?lang=en&Ticker=GWS.ST
HMED.ST;https://www.swedishbulls.com/SignalPage.aspx?lang=en&Ticker=HMED.ST;867.03;https://www.swedishbulls.com/SignalPage.aspx?lang=en&Ticker=HMED.ST
SPIFFX.ST;https://www.swedishbulls.com/SignalPage.aspx?lang=en&Ticker=SPIFFX.ST;818.14;https://www.swedishbulls.com/SignalPage.aspx?lang=en&Ticker=SPIFFX.ST
EOID.NGM;https://www.swedishbulls.com/SignalPage.aspx?lang=en&Ticker=EOID.NGM;792.84;https://www.swedishbulls.com/SignalPage.aspx?lang=en&Ticker=EOID.NGM
VITR.ST;https://www.swedishbulls.com/SignalPage.aspx?lang=en&Ticker=VITR.ST;776.04;https://www.swedishbulls.com/SignalPage.aspx?lang=en&Ticker=VITR.ST
CLAV.ST;https://www.swedishbulls.com/SignalPage.aspx?lang=en&Ticker=CLAV.ST;765.81;https://www.swedishbulls.com/SignalPage.aspx?lang=en&Ticker=CLAV.ST
SEAM.ST;https://www.swedishbulls.com/SignalPage.aspx?lang=en&Ticker=SEAM.ST;765.56;https://www.swedishbulls.com/SignalPage.aspx?lang=en&Ticker=SEAM.ST
KARO.ST;https://www.swedishbulls.com/SignalPage.aspx?lang=en&Ticker=KARO.ST;764.01;https://www.swedishbulls.com/SignalPage.aspx?lang=en&Ticker=KARO.ST
SSAB-A.ST;https://www.swedishbulls.com/SignalPage.aspx?lang=en&Ticker=SSAB-A.ST;750.46;https://www.swedishbulls.com/SignalPage.aspx?lang=en&Ticker=SSAB-A.ST
IMPC.ST;https://www.swedishbulls.com/SignalPage.aspx?lang=en&Ticker=IMPC.ST;713.08;https://www.swedishbulls.com/SignalPage.aspx?lang=en&Ticker=IMPC.ST
ENRO.ST;https://www.swedishbulls.com/SignalPage.aspx?lang=en&Ticker=ENRO.ST;672.23;https://www.swedishbulls.com/SignalPage.aspx?lang=en&Ticker=ENRO.ST
NVP.ST;https://www.swedishbulls.com/SignalPage.aspx?lang=en&Ticker=NVP.ST;642.67;https://www.swedishbulls.com/SignalPage.aspx?lang=en&Ticker=NVP.ST
PROB.ST;https://www.swedishbulls.com/SignalPage.aspx?lang=en&Ticker=PROB.ST;631.37;https://www.swedishbulls.com/SignalPage.aspx?lang=en&Ticker=PROB.ST
IMMNOV.ST;https://www.swedishbulls.com/SignalPage.aspx?lang=en&Ticker=IMMNOV.ST;614.77;https://www.swedishbulls.com/SignalPage.aspx?lang=en&Ticker=IMMNOV.ST
ARCM.ST;https://www.swedishbulls.com/SignalPage.aspx?lang=en&Ticker=ARCM.ST;611.64;https://www.swedishbulls.com/SignalPage.aspx?lang=en&Ticker=ARCM.ST
ORX.ST;https://www.swedishbulls.com/SignalPage.aspx?lang=en&Ticker=ORX.ST;592.16;https://www.swedishbulls.com/SignalPage.aspx?lang=en&Ticker=ORX.ST
DEDI.ST;https://www.swedishbulls.com/SignalPage.aspx?lang=en&Ticker=DEDI.ST;560.51;https://www.swedishbulls.com/SignalPage.aspx?lang=en&Ticker=DEDI.ST
ORIF.ST;https://www.swedishbulls.com/SignalPage.aspx?lang=en&Ticker=ORIF.ST;557.31;https://www.swedishbulls.com/SignalPage.aspx?lang=en&Ticker=ORIF.ST
EPIS-B.ST;https://www.swedishbulls.com/SignalPage.aspx?lang=en&Ticker=EPIS-B.ST;549.48;https://www.swedishbulls.com/SignalPage.aspx?lang=en&Ticker=EPIS-B.ST
CRAD-B.ST;https://www.swedishbulls.com/SignalPage.aspx?lang=en&Ticker=CRAD-B.ST;543.86;https://www.swedishbulls.com/SignalPage.aspx?lang=en&Ticker=CRAD-B.ST
IMMU.ST;https://www.swedishbulls.com/SignalPage.aspx?lang=en&Ticker=IMMU.ST;537.66;https://www.swedishbulls.com/SignalPage.aspx?lang=en&Ticker=IMMU.ST
KAMBI.ST;https://www.swedishbulls.com/SignalPage.aspx?lang=en&Ticker=KAMBI.ST;518.58;https://www.swedishbulls.com/SignalPage.aspx?lang=en&Ticker=KAMBI.ST
VICO.ST;https://www.swedishbulls.com/SignalPage.aspx?lang=en&Ticker=VICO.ST;517.2;https://www.swedishbulls.com/SignalPage.aspx?lang=en&Ticker=VICO.ST
BEGR.ST;https://www.swedishbulls.com/SignalPage.aspx?lang=en&Ticker=BEGR.ST;500.77;https://www.swedishbulls.com/SignalPage.aspx?lang=en&Ticker=BEGR.ST
IMNP.ST;https://www.swedishbulls.com/SignalPage.aspx?lang=en&Ticker=IMNP.ST;499.51;https://www.swedishbulls.com/SignalPage.aspx?lang=en&Ticker=IMNP.ST
MAG.ST;https://www.swedishbulls.com/SignalPage.aspx?lang=en&Ticker=MAG.ST;496.4;https://www.swedishbulls.com/SignalPage.aspx?lang=en&Ticker=MAG.ST
JLT.ST;https://www.swedishbulls.com/SignalPage.aspx?lang=en&Ticker=JLT.ST;490.9;https://www.swedishbulls.com/SignalPage.aspx?lang=en&Ticker=JLT.ST
EVO.ST;https://www.swedishbulls.com/SignalPage.aspx?lang=en&Ticker=EVO.ST;489.01;https://www.swedishbulls.com/SignalPage.aspx?lang=en&Ticker=EVO.ST
ZETA.ST;https://www.swedishbulls.com/SignalPage.aspx?lang=en&Ticker=ZETA.ST;481.58;https://www.swedishbulls.com/SignalPage.aspx?lang=en&Ticker=ZETA.ST
MAV.ST;https://www.swedishbulls.com/SignalPage.aspx?lang=en&Ticker=MAV.ST;480.88;https://www.swedishbulls.com/SignalPage.aspx?lang=en&Ticker=MAV.ST
MCNH.NGM;https://www.swedishbulls.com/SignalPage.aspx?lang=en&Ticker=MCNH.NGM;467.17;https://www.swedishbulls.com/SignalPage.aspx?lang=en&Ticker=MCNH.NGM
DOME.ST;https://www.swedishbulls.com/SignalPage.aspx?lang=en&Ticker=DOME.ST;454.07;https://www.swedishbulls.com/SignalPage.aspx?lang=en&Ticker=DOME.ST
IBT-B.ST;https://www.swedishbulls.com/SignalPage.aspx?lang=en&Ticker=IBT-B.ST;450.87;https://www.swedishbulls.com/SignalPage.aspx?lang=en&Ticker=IBT-B.ST
BINV.ST;https://www.swedishbulls.com/SignalPage.aspx?lang=en&Ticker=BINV.ST;449.66;https://www.swedishbulls.com/SignalPage.aspx?lang=en&Ticker=BINV.ST
PXXS-SDB.ST;https://www.swedishbulls.com/SignalPage.aspx?lang=en&Ticker=PXXS-SDB.ST;446.06;https://www.swedishbulls.com/SignalPage.aspx?lang=en&Ticker=PXXS-SDB.ST
HTRO.ST;https://www.swedishbulls.com/SignalPage.aspx?lang=en&Ticker=HTRO.ST;438.28;https://www.swedishbulls.com/SignalPage.aspx?lang=en&Ticker=HTRO.ST
CLS-B.ST;https://www.swedishbulls.com/SignalPage.aspx?lang=en&Ticker=CLS-B.ST;436.43;https://www.swedishbulls.com/SignalPage.aspx?lang=en&Ticker=CLS-B.ST
HOVD.ST;https://www.swedishbulls.com/SignalPage.aspx?lang=en&Ticker=HOVD.ST;433.01;https://www.swedishbulls.com/SignalPage.aspx?lang=en&Ticker=HOVD.ST
ACTI.ST;https://www.swedishbulls.com/SignalPage.aspx?lang=en&Ticker=ACTI.ST;425.13;https://www.swedishbulls.com/SignalPage.aspx?lang=en&Ticker=ACTI.ST
HELIO.ST;https://www.swedishbulls.com/SignalPage.aspx?lang=en&Ticker=HELIO.ST;421.4;https://www.swedishbulls.com/SignalPage.aspx?lang=en&Ticker=HELIO.ST
SPOR.ST;https://www.swedishbulls.com/SignalPage.aspx?lang=en&Ticker=SPOR.ST;418.27;https://www.swedishbulls.com/SignalPage.aspx?lang=en&Ticker=SPOR.ST
KOBR%20MTFB;https://www.swedishbulls.com/SignalPage.aspx?lang=en&Ticker=KOBR%20MTFB;418;https://www.swedishbulls.com/SignalPage.aspx?lang=en&Ticker=KOBR%20MTFB
SENS.ST;https://www.swedishbulls.com/SignalPage.aspx?lang=en&Ticker=SENS.ST;416.32;https://www.swedishbulls.com/SignalPage.aspx?lang=en&Ticker=SENS.ST
NETI-B.ST;https://www.swedishbulls.com/SignalPage.aspx?lang=en&Ticker=NETI-B.ST;410.17;https://www.swedishbulls.com/SignalPage.aspx?lang=en&Ticker=NETI-B.ST
BIOT.ST;https://www.swedishbulls.com/SignalPage.aspx?lang=en&Ticker=BIOT.ST;410.05;https://www.swedishbulls.com/SignalPage.aspx?lang=en&Ticker=BIOT.ST
STAR-A.ST;https://www.swedishbulls.com/SignalPage.aspx?lang=en&Ticker=STAR-A.ST;406.83;https://www.swedishbulls.com/SignalPage.aspx?lang=en&Ticker=STAR-A.ST
MRG.ST;https://www.swedishbulls.com/SignalPage.aspx?lang=en&Ticker=MRG.ST;405.7;https://www.swedishbulls.com/SignalPage.aspx?lang=en&Ticker=MRG.ST
BACTI-B.ST;https://www.swedishbulls.com/SignalPage.aspx?lang=en&Ticker=BACTI-B.ST;405.05;https://www.swedishbulls.com/SignalPage.aspx?lang=en&Ticker=BACTI-B.ST
SMF.ST;https://www.swedishbulls.com/SignalPage.aspx?lang=en&Ticker=SMF.ST;404.24;https://www.swedishbulls.com/SignalPage.aspx?lang=en&Ticker=SMF.ST
SES.ST;https://www.swedishbulls.com/SignalPage.aspx?lang=en&Ticker=SES.ST;400.89;https://www.swedishbulls.com/SignalPage.aspx?lang=en&Ticker=SES.ST
FEEL.ST;https://www.swedishbulls.com/SignalPage.aspx?lang=en&Ticker=FEEL.ST;400.55;https://www.swedishbulls.com/SignalPage.aspx?lang=en&Ticker=FEEL.ST
43720.ST;https://www.swedishbulls.com/SignalPage.aspx?lang=en&Ticker=43720.ST;399.9;https://www.swedishbulls.com/SignalPage.aspx?lang=en&Ticker=43720.ST
CTT.ST;https://www.swedishbulls.com/SignalPage.aspx?lang=en&Ticker=CTT.ST;397.77;https://www.swedishbulls.com/SignalPage.aspx?lang=en&Ticker=CTT.ST
POLY.ST;https://www.swedishbulls.com/SignalPage.aspx?lang=en&Ticker=POLY.ST;393.75;https://www.swedishbulls.com/SignalPage.aspx?lang=en&Ticker=POLY.ST
KOPY.ST;https://www.swedishbulls.com/SignalPage.aspx?lang=en&Ticker=KOPY.ST;382.38;https://www.swedishbulls.com/SignalPage.aspx?lang=en&Ticker=KOPY.ST
OASM.ST;https://www.swedishbulls.com/SignalPage.aspx?lang=en&Ticker=OASM.ST;379.36;https://www.swedishbulls.com/SignalPage.aspx?lang=en&Ticker=OASM.ST
CRWN;https://www.swedishbulls.com/SignalPage.aspx?lang=en&Ticker=CRWN;376.89;https://www.swedishbulls.com/SignalPage.aspx?lang=en&Ticker=CRWN
TETY.ST;https://www.swedishbulls.com/SignalPage.aspx?lang=en&Ticker=TETY.ST;373.82;https://www.swedishbulls.com/SignalPage.aspx?lang=en&Ticker=TETY.ST
A1M.ST;https://www.swedishbulls.com/SignalPage.aspx?lang=en&Ticker=A1M.ST;367.09;https://www.swedishbulls.com/SignalPage.aspx?lang=en&Ticker=A1M.ST
WINT.ST;https://www.swedishbulls.com/SignalPage.aspx?lang=en&Ticker=WINT.ST;363.8;https://www.swedishbulls.com/SignalPage.aspx?lang=en&Ticker=WINT.ST
QLRO.ST;https://www.swedishbulls.com/SignalPage.aspx?lang=en&Ticker=QLRO.ST;362.53;https://www.swedishbulls.com/SignalPage.aspx?lang=en&Ticker=QLRO.ST
TOBII.ST;https://www.swedishbulls.com/SignalPage.aspx?lang=en&Ticker=TOBII.ST;358.68;https://www.swedishbulls.com/SignalPage.aspx?lang=en&Ticker=TOBII.ST
BESQ.ST;https://www.swedishbulls.com/SignalPage.aspx?lang=en&Ticker=BESQ.ST;354.23;https://www.swedishbulls.com/SignalPage.aspx?lang=en&Ticker=BESQ.ST
HEMC.ST;https://www.swedishbulls.com/SignalPage.aspx?lang=en&Ticker=HEMC.ST;352.92;https://www.swedishbulls.com/SignalPage.aspx?lang=en&Ticker=HEMC.ST
GTGS.NGM;https://www.swedishbulls.com/SignalPage.aspx?lang=en&Ticker=GTGS.NGM;351.08;https://www.swedishbulls.com/SignalPage.aspx?lang=en&Ticker=GTGS.NGM
MERT-A.NGM;https://www.swedishbulls.com/SignalPage.aspx?lang=en&Ticker=MERT-A.NGM;348.23;https://www.swedishbulls.com/SignalPage.aspx?lang=en&Ticker=MERT-A.NGM
AGRO.ST;https://www.swedishbulls.com/SignalPage.aspx?lang=en&Ticker=AGRO.ST;346.99;https://www.swedishbulls.com/SignalPage.aspx?lang=en&Ticker=AGRO.ST
MSAB-B.ST;https://www.swedishbulls.com/SignalPage.aspx?lang=en&Ticker=MSAB-B.ST;344.19;https://www.swedishbulls.com/SignalPage.aspx?lang=en&Ticker=MSAB-B.ST
HIQ.ST;https://www.swedishbulls.com/SignalPage.aspx?lang=en&Ticker=HIQ.ST;343.11;https://www.swedishbulls.com/SignalPage.aspx?lang=en&Ticker=HIQ.ST
STIL.ST;https://www.swedishbulls.com/SignalPage.aspx?lang=en&Ticker=STIL.ST;338.29;https://www.swedishbulls.com/SignalPage.aspx?lang=en&Ticker=STIL.ST
LIFCO-B.ST;https://www.swedishbulls.com/SignalPage.aspx?lang=en&Ticker=LIFCO-B.ST;337.98;https://www.swedishbulls.com/SignalPage.aspx?lang=en&Ticker=LIFCO-B.ST
DORO.ST;https://www.swedishbulls.com/SignalPage.aspx?lang=en&Ticker=DORO.ST;337.7;https://www.swedishbulls.com/SignalPage.aspx?lang=en&Ticker=DORO.ST
XANO-B.ST;https://www.swedishbulls.com/SignalPage.aspx?lang=en&Ticker=XANO-B.ST;333.72;https://www.swedishbulls.com/SignalPage.aspx?lang=en&Ticker=XANO-B.ST
ALIG.ST;https://www.swedishbulls.com/SignalPage.aspx?lang=en&Ticker=ALIG.ST;331.67;https://www.swedishbulls.com/SignalPage.aspx?lang=en&Ticker=ALIG.ST
VICP-B.ST;https://www.swedishbulls.com/SignalPage.aspx?lang=en&Ticker=VICP-B.ST;330.87;https://www.swedishbulls.com/SignalPage.aspx?lang=en&Ticker=VICP-B.ST
CLBIO.ST;https://www.swedishbulls.com/SignalPage.aspx?lang=en&Ticker=CLBIO.ST;327.63;https://www.swedishbulls.com/SignalPage.aspx?lang=en&Ticker=CLBIO.ST
RAY-B.ST;https://www.swedishbulls.com/SignalPage.aspx?lang=en&Ticker=RAY-B.ST;326.97;https://www.swedishbulls.com/SignalPage.aspx?lang=en&Ticker=RAY-B.ST
VSSAB-B.ST;https://www.swedishbulls.com/SignalPage.aspx?lang=en&Ticker=VSSAB-B.ST;325.6;https://www.swedishbulls.com/SignalPage.aspx?lang=en&Ticker=VSSAB-B.ST
TROAX.ST;https://www.swedishbulls.com/SignalPage.aspx?lang=en&Ticker=TROAX.ST;324.86;https://www.swedishbulls.com/SignalPage.aspx?lang=en&Ticker=TROAX.ST
OP.ST;https://www.swedishbulls.com/SignalPage.aspx?lang=en&Ticker=OP.ST;321.99;https://www.swedishbulls.com/SignalPage.aspx?lang=en&Ticker=OP.ST
TASTE.ST;https://www.swedishbulls.com/SignalPage.aspx?lang=en&Ticker=TASTE.ST;321.7;https://www.swedishbulls.com/SignalPage.aspx?lang=en&Ticker=TASTE.ST
ALIV-SDB.ST;https://www.swedishbulls.com/SignalPage.aspx?lang=en&Ticker=ALIV-SDB.ST;320.27;https://www.swedishbulls.com/SignalPage.aspx?lang=en&Ticker=ALIV-SDB.ST
RLS.ST;https://www.swedishbulls.com/SignalPage.aspx?lang=en&Ticker=RLS.ST;320.16;https://www.swedishbulls.com/SignalPage.aspx?lang=en&Ticker=RLS.ST
BERG-B.ST;https://www.swedishbulls.com/SignalPage.aspx?lang=en&Ticker=BERG-B.ST;319.27;https://www.swedishbulls.com/SignalPage.aspx?lang=en&Ticker=BERG-B.ST
KABE-B.ST;https://www.swedishbulls.com/SignalPage.aspx?lang=en&Ticker=KABE-B.ST;315.57;https://www.swedishbulls.com/SignalPage.aspx?lang=en&Ticker=KABE-B.ST
ETX.ST;https://www.swedishbulls.com/SignalPage.aspx?lang=en&Ticker=ETX.ST;314.76;https://www.swedishbulls.com/SignalPage.aspx?lang=en&Ticker=ETX.ST
BURE.ST;https://www.swedishbulls.com/SignalPage.aspx?lang=en&Ticker=BURE.ST;314.42;https://www.swedishbulls.com/SignalPage.aspx?lang=en&Ticker=BURE.ST
LUC.ST;https://www.swedishbulls.com/SignalPage.aspx?lang=en&Ticker=LUC.ST;314.23;https://www.swedishbulls.com/SignalPage.aspx?lang=en&Ticker=LUC.ST
GCOR.ST;https://www.swedishbulls.com/SignalPage.aspx?lang=en&Ticker=GCOR.ST;313.01;https://www.swedishbulls.com/SignalPage.aspx?lang=en&Ticker=GCOR.ST
BOL.ST;https://www.swedishbulls.com/SignalPage.aspx?lang=en&Ticker=BOL.ST;312.77;https://www.swedishbulls.com/SignalPage.aspx?lang=en&Ticker=BOL.ST
AZA.ST;https://www.swedishbulls.com/SignalPage.aspx?lang=en&Ticker=AZA.ST;310.84;https://www.swedishbulls.com/SignalPage.aspx?lang=en&Ticker=AZA.ST
SEMC.ST;https://www.swedishbulls.com/SignalPage.aspx?lang=en&Ticker=SEMC.ST;309.07;https://www.swedishbulls.com/SignalPage.aspx?lang=en&Ticker=SEMC.ST
ITAB-B.ST;https://www.swedishbulls.com/SignalPage.aspx?lang=en&Ticker=ITAB-B.ST;308.58;https://www.swedishbulls.com/SignalPage.aspx?lang=en&Ticker=ITAB-B.ST
FPAR.ST;https://www.swedishbulls.com/SignalPage.aspx?lang=en&Ticker=FPAR.ST;308.18;https://www.swedishbulls.com/SignalPage.aspx?lang=en&Ticker=FPAR.ST
OPUS.ST;https://www.swedishbulls.com/SignalPage.aspx?lang=en&Ticker=OPUS.ST;305.52;https://www.swedishbulls.com/SignalPage.aspx?lang=en&Ticker=OPUS.ST
MIC-SDB.ST;https://www.swedishbulls.com/SignalPage.aspx?lang=en&Ticker=MIC-SDB.ST;304.15;https://www.swedishbulls.com/SignalPage.aspx?lang=en&Ticker=MIC-SDB.ST
BAYN.ST;https://www.swedishbulls.com/SignalPage.aspx?lang=en&Ticker=BAYN.ST;302.68;https://www.swedishbulls.com/SignalPage.aspx?lang=en&Ticker=BAYN.ST
CLEM.ST;https://www.swedishbulls.com/SignalPage.aspx?lang=en&Ticker=CLEM.ST;302.46;https://www.swedishbulls.com/SignalPage.aspx?lang=en&Ticker=CLEM.ST
FOI-B.ST;https://www.swedishbulls.com/SignalPage.aspx?lang=en&Ticker=FOI-B.ST;301.8;https://www.swedishbulls.com/SignalPage.aspx?lang=en&Ticker=FOI-B.ST
EKTA-B.ST;https://www.swedishbulls.com/SignalPage.aspx?lang=en&Ticker=EKTA-B.ST;299.3;https://www.swedishbulls.com/SignalPage.aspx?lang=en&Ticker=EKTA-B.ST
MOB.ST;https://www.swedishbulls.com/SignalPage.aspx?lang=en&Ticker=MOB.ST;299.26;https://www.swedishbulls.com/SignalPage.aspx?lang=en&Ticker=MOB.ST
PRIME.ST;https://www.swedishbulls.com/SignalPage.aspx?lang=en&Ticker=PRIME.ST;299.03;https://www.swedishbulls.com/SignalPage.aspx?lang=en&Ticker=PRIME.ST
CAMX.ST;https://www.swedishbulls.com/SignalPage.aspx?lang=en&Ticker=CAMX.ST;298.97;https://www.swedishbulls.com/SignalPage.aspx?lang=en&Ticker=CAMX.ST
BUFAB.ST;https://www.swedishbulls.com/SignalPage.aspx?lang=en&Ticker=BUFAB.ST;296.05;https://www.swedishbulls.com/SignalPage.aspx?lang=en&Ticker=BUFAB.ST
DIGN.ST;https://www.swedishbulls.com/SignalPage.aspx?lang=en&Ticker=DIGN.ST;295.32;https://www.swedishbulls.com/SignalPage.aspx?lang=en&Ticker=DIGN.ST
ELAN-B.ST;https://www.swedishbulls.com/SignalPage.aspx?lang=en&Ticker=ELAN-B.ST;295.04;https://www.swedishbulls.com/SignalPage.aspx?lang=en&Ticker=ELAN-B.ST
ADVE.ST;https://www.swedishbulls.com/SignalPage.aspx?lang=en&Ticker=ADVE.ST;294.7;https://www.swedishbulls.com/SignalPage.aspx?lang=en&Ticker=ADVE.ST
STAR-B.ST;https://www.swedishbulls.com/SignalPage.aspx?lang=en&Ticker=STAR-B.ST;291.31;https://www.swedishbulls.com/SignalPage.aspx?lang=en&Ticker=STAR-B.ST
SAS.ST;https://www.swedishbulls.com/SignalPage.aspx?lang=en&Ticker=SAS.ST;289.61;https://www.swedishbulls.com/SignalPage.aspx?lang=en&Ticker=SAS.ST
SDOS.ST;https://www.swedishbulls.com/SignalPage.aspx?lang=en&Ticker=SDOS.ST;287.12;https://www.swedishbulls.com/SignalPage.aspx?lang=en&Ticker=SDOS.ST
ARCT.ST;https://www.swedishbulls.com/SignalPage.aspx?lang=en&Ticker=ARCT.ST;286.34;https://www.swedishbulls.com/SignalPage.aspx?lang=en&Ticker=ARCT.ST
BIOG-B.ST;https://www.swedishbulls.com/SignalPage.aspx?lang=en&Ticker=BIOG-B.ST;286.16;https://www.swedishbulls.com/SignalPage.aspx?lang=en&Ticker=BIOG-B.ST
LOOM-B.ST;https://www.swedishbulls.com/SignalPage.aspx?lang=en&Ticker=LOOM-B.ST;283.44;https://www.swedishbulls.com/SignalPage.aspx?lang=en&Ticker=LOOM-B.ST
COLL.ST;https://www.swedishbulls.com/SignalPage.aspx?lang=en&Ticker=COLL.ST;282.01;https://www.swedishbulls.com/SignalPage.aspx?lang=en&Ticker=COLL.ST
FAG.ST;https://www.swedishbulls.com/SignalPage.aspx?lang=en&Ticker=FAG.ST;281.83;https://www.swedishbulls.com/SignalPage.aspx?lang=en&Ticker=FAG.ST
COOR.ST;https://www.swedishbulls.com/SignalPage.aspx?lang=en&Ticker=COOR.ST;281.44;https://www.swedishbulls.com/SignalPage.aspx?lang=en&Ticker=COOR.ST
HMS.ST;https://www.swedishbulls.com/SignalPage.aspx?lang=en&Ticker=HMS.ST;279.35;https://www.swedishbulls.com/SignalPage.aspx?lang=en&Ticker=HMS.ST
VIT-B.ST;https://www.swedishbulls.com/SignalPage.aspx?lang=en&Ticker=VIT-B.ST;277.4;https://www.swedishbulls.com/SignalPage.aspx?lang=en&Ticker=VIT-B.ST
INDT.ST;https://www.swedishbulls.com/SignalPage.aspx?lang=en&Ticker=INDT.ST;277.38;https://www.swedishbulls.com/SignalPage.aspx?lang=en&Ticker=INDT.ST
43825.ST;https://www.swedishbulls.com/SignalPage.aspx?lang=en&Ticker=43825.ST;277.35;https://www.swedishbulls.com/SignalPage.aspx?lang=en&Ticker=43825.ST
DCAR-B.ST;https://www.swedishbulls.com/SignalPage.aspx?lang=en&Ticker=DCAR-B.ST;276.59;https://www.swedishbulls.com/SignalPage.aspx?lang=en&Ticker=DCAR-B.ST
SWEC-A.ST;https://www.swedishbulls.com/SignalPage.aspx?lang=en&Ticker=SWEC-A.ST;276.46;https://www.swedishbulls.com/SignalPage.aspx?lang=en&Ticker=SWEC-A.ST
FRNT-B.NGM;https://www.swedishbulls.com/SignalPage.aspx?lang=en&Ticker=FRNT-B.NGM;272.75;https://www.swedishbulls.com/SignalPage.aspx?lang=en&Ticker=FRNT-B.NGM
VICP.ST;https://www.swedishbulls.com/SignalPage.aspx?lang=en&Ticker=VICP.ST;271.2;https://www.swedishbulls.com/SignalPage.aspx?lang=en&Ticker=VICP.ST
DOXA.ST;https://www.swedishbulls.com/SignalPage.aspx?lang=en&Ticker=DOXA.ST;270.39;https://www.swedishbulls.com/SignalPage.aspx?lang=en&Ticker=DOXA.ST
ACAN-B.ST;https://www.swedishbulls.com/SignalPage.aspx?lang=en&Ticker=ACAN-B.ST;270.11;https://www.swedishbulls.com/SignalPage.aspx?lang=en&Ticker=ACAN-B.ST
COGS.ST;https://www.swedishbulls.com/SignalPage.aspx?lang=en&Ticker=COGS.ST;269.56;https://www.swedishbulls.com/SignalPage.aspx?lang=en&Ticker=COGS.ST
IVSO.ST;https://www.swedishbulls.com/SignalPage.aspx?lang=en&Ticker=IVSO.ST;268.67;https://www.swedishbulls.com/SignalPage.aspx?lang=en&Ticker=IVSO.ST
KLOV-B.ST;https://www.swedishbulls.com/SignalPage.aspx?lang=en&Ticker=KLOV-B.ST;268.22;https://www.swedishbulls.com/SignalPage.aspx?lang=en&Ticker=KLOV-B.ST
AOI.ST;https://www.swedishbulls.com/SignalPage.aspx?lang=en&Ticker=AOI.ST;266.62;https://www.swedishbulls.com/SignalPage.aspx?lang=en&Ticker=AOI.ST
GHP.ST;https://www.swedishbulls.com/SignalPage.aspx?lang=en&Ticker=GHP.ST;266.08;https://www.swedishbulls.com/SignalPage.aspx?lang=en&Ticker=GHP.ST
ENRO-PREF.ST;https://www.swedishbulls.com/SignalPage.aspx?lang=en&Ticker=ENRO-PREF.ST;265.85;https://www.swedishbulls.com/SignalPage.aspx?lang=en&Ticker=ENRO-PREF.ST
NDX.ST;https://www.swedishbulls.com/SignalPage.aspx?lang=en&Ticker=NDX.ST;264.21;https://www.swedishbulls.com/SignalPage.aspx?lang=en&Ticker=NDX.ST
NEXAM.ST;https://www.swedishbulls.com/SignalPage.aspx?lang=en&Ticker=NEXAM.ST;262.01;https://www.swedishbulls.com/SignalPage.aspx?lang=en&Ticker=NEXAM.ST
TREL-B.ST;https://www.swedishbulls.com/SignalPage.aspx?lang=en&Ticker=TREL-B.ST;261.44;https://www.swedishbulls.com/SignalPage.aspx?lang=en&Ticker=TREL-B.ST
KIND-SDB.ST;https://www.swedishbulls.com/SignalPage.aspx?lang=en&Ticker=KIND-SDB.ST;257.22;https://www.swedishbulls.com/SignalPage.aspx?lang=en&Ticker=KIND-SDB.ST
KINV-A.ST;https://www.swedishbulls.com/SignalPage.aspx?lang=en&Ticker=KINV-A.ST;254.7;https://www.swedishbulls.com/SignalPage.aspx?lang=en&Ticker=KINV-A.ST
WTX.ST;https://www.swedishbulls.com/SignalPage.aspx?lang=en&Ticker=WTX.ST;254.46;https://www.swedishbulls.com/SignalPage.aspx?lang=en&Ticker=WTX.ST
PROF-B.ST;https://www.swedishbulls.com/SignalPage.aspx?lang=en&Ticker=PROF-B.ST;254.4;https://www.swedishbulls.com/SignalPage.aspx?lang=en&Ticker=PROF-B.ST
PCAT.ST;https://www.swedishbulls.com/SignalPage.aspx?lang=en&Ticker=PCAT.ST;254.26;https://www.swedishbulls.com/SignalPage.aspx?lang=en&Ticker=PCAT.ST
ICTA-B.ST;https://www.swedishbulls.com/SignalPage.aspx?lang=en&Ticker=ICTA-B.ST;254.14;https://www.swedishbulls.com/SignalPage.aspx?lang=en&Ticker=ICTA-B.ST
JM.ST;https://www.swedishbulls.com/SignalPage.aspx?lang=en&Ticker=JM.ST;252.67;https://www.swedishbulls.com/SignalPage.aspx?lang=en&Ticker=JM.ST
GHUS-B.ST;https://www.swedishbulls.com/SignalPage.aspx?lang=en&Ticker=GHUS-B.ST;252.12;https://www.swedishbulls.com/SignalPage.aspx?lang=en&Ticker=GHUS-B.ST
KAHL.ST;https://www.swedishbulls.com/SignalPage.aspx?lang=en&Ticker=KAHL.ST;251.68;https://www.swedishbulls.com/SignalPage.aspx?lang=en&Ticker=KAHL.ST
SVIK.ST;https://www.swedishbulls.com/SignalPage.aspx?lang=en&Ticker=SVIK.ST;251.32;https://www.swedishbulls.com/SignalPage.aspx?lang=en&Ticker=SVIK.ST
AM1S.ST;https://www.swedishbulls.com/SignalPage.aspx?lang=en&Ticker=AM1S.ST;251.17;https://www.swedishbulls.com/SignalPage.aspx?lang=en&Ticker=AM1S.ST
RATO-A.ST;https://www.swedishbulls.com/SignalPage.aspx?lang=en&Ticker=RATO-A.ST;249.7;https://www.swedishbulls.com/SignalPage.aspx?lang=en&Ticker=RATO-A.ST
HLDX.ST;https://www.swedishbulls.com/SignalPage.aspx?lang=en&Ticker=HLDX.ST;248.3;https://www.swedishbulls.com/SignalPage.aspx?lang=en&Ticker=HLDX.ST
IRLAB-A.ST;https://www.swedishbulls.com/SignalPage.aspx?lang=en&Ticker=IRLAB-A.ST;247;https://www.swedishbulls.com/SignalPage.aspx?lang=en&Ticker=IRLAB-A.ST
GOMX.ST;https://www.swedishbulls.com/SignalPage.aspx?lang=en&Ticker=GOMX.ST;246.26;https://www.swedishbulls.com/SignalPage.aspx?lang=en&Ticker=GOMX.ST
SAAB-B.ST;https://www.swedishbulls.com/SignalPage.aspx?lang=en&Ticker=SAAB-B.ST;246.21;https://www.swedishbulls.com/SignalPage.aspx?lang=en&Ticker=SAAB-B.ST
COMPI.NGM;https://www.swedishbulls.com/SignalPage.aspx?lang=en&Ticker=COMPI.NGM;245.07;https://www.swedishbulls.com/SignalPage.aspx?lang=en&Ticker=COMPI.NGM
LAGR-B.ST;https://www.swedishbulls.com/SignalPage.aspx?lang=en&Ticker=LAGR-B.ST;244.54;https://www.swedishbulls.com/SignalPage.aspx?lang=en&Ticker=LAGR-B.ST
EWRK.ST;https://www.swedishbulls.com/SignalPage.aspx?lang=en&Ticker=EWRK.ST;244.52;https://www.swedishbulls.com/SignalPage.aspx?lang=en&Ticker=EWRK.ST
ORES.ST;https://www.swedishbulls.com/SignalPage.aspx?lang=en&Ticker=ORES.ST;241.95;https://www.swedishbulls.com/SignalPage.aspx?lang=en&Ticker=ORES.ST
MVIR-B.ST;https://www.swedishbulls.com/SignalPage.aspx?lang=en&Ticker=MVIR-B.ST;240;https://www.swedishbulls.com/SignalPage.aspx?lang=en&Ticker=MVIR-B.ST
VOLV-B.ST;https://www.swedishbulls.com/SignalPage.aspx?lang=en&Ticker=VOLV-B.ST;239.34;https://www.swedishbulls.com/SignalPage.aspx?lang=en&Ticker=VOLV-B.ST
LUPE.ST;https://www.swedishbulls.com/SignalPage.aspx?lang=en&Ticker=LUPE.ST;239.2;https://www.swedishbulls.com/SignalPage.aspx?lang=en&Ticker=LUPE.ST
NOLA-B.ST;https://www.swedishbulls.com/SignalPage.aspx?lang=en&Ticker=NOLA-B.ST;238.96;https://www.swedishbulls.com/SignalPage.aspx?lang=en&Ticker=NOLA-B.ST
SBB-B.ST;https://www.swedishbulls.com/SignalPage.aspx?lang=en&Ticker=SBB-B.ST;238.36;https://www.swedishbulls.com/SignalPage.aspx?lang=en&Ticker=SBB-B.ST
ENEA.ST;https://www.swedishbulls.com/SignalPage.aspx?lang=en&Ticker=ENEA.ST;237.76;https://www.swedishbulls.com/SignalPage.aspx?lang=en&Ticker=ENEA.ST
DIST.ST;https://www.swedishbulls.com/SignalPage.aspx?lang=en&Ticker=DIST.ST;237.46;https://www.swedishbulls.com/SignalPage.aspx?lang=en&Ticker=DIST.ST
MSC-B.ST;https://www.swedishbulls.com/SignalPage.aspx?lang=en&Ticker=MSC-B.ST;234.85;https://www.swedishbulls.com/SignalPage.aspx?lang=en&Ticker=MSC-B.ST
CANTA.ST;https://www.swedishbulls.com/SignalPage.aspx?lang=en&Ticker=CANTA.ST;233.54;https://www.swedishbulls.com/SignalPage.aspx?lang=en&Ticker=CANTA.ST
NEWA-B.ST;https://www.swedishbulls.com/SignalPage.aspx?lang=en&Ticker=NEWA-B.ST;233.29;https://www.swedishbulls.com/SignalPage.aspx?lang=en&Ticker=NEWA-B.ST
STE-R.ST;https://www.swedishbulls.com/SignalPage.aspx?lang=en&Ticker=STE-R.ST;233.01;https://www.swedishbulls.com/SignalPage.aspx?lang=en&Ticker=STE-R.ST
SEZI.ST;https://www.swedishbulls.com/SignalPage.aspx?lang=en&Ticker=SEZI.ST;231.88;https://www.swedishbulls.com/SignalPage.aspx?lang=en&Ticker=SEZI.ST
XACT-BULL-2.ST;https://www.swedishbulls.com/SignalPage.aspx?lang=en&Ticker=XACT-BULL-2.ST;231.58;https://www.swedishbulls.com/SignalPage.aspx?lang=en&Ticker=XACT-BULL-2.ST
SKIS-B.ST;https://www.swedishbulls.com/SignalPage.aspx?lang=en&Ticker=SKIS-B.ST;231.41;https://www.swedishbulls.com/SignalPage.aspx?lang=en&Ticker=SKIS-B.ST
CONS-B.ST;https://www.swedishbulls.com/SignalPage.aspx?lang=en&Ticker=CONS-B.ST;231.38;https://www.swedishbulls.com/SignalPage.aspx?lang=en&Ticker=CONS-B.ST
RECI-B.ST;https://www.swedishbulls.com/SignalPage.aspx?lang=en&Ticker=RECI-B.ST;230.54;https://www.swedishbulls.com/SignalPage.aspx?lang=en&Ticker=RECI-B.ST
KLOV-A.ST;https://www.swedishbulls.com/SignalPage.aspx?lang=en&Ticker=KLOV-A.ST;230.47;https://www.swedishbulls.com/SignalPage.aspx?lang=en&Ticker=KLOV-A.ST
LIDDS.ST;https://www.swedishbulls.com/SignalPage.aspx?lang=en&Ticker=LIDDS.ST;230.44;https://www.swedishbulls.com/SignalPage.aspx?lang=en&Ticker=LIDDS.ST
SVOL-B.ST;https://www.swedishbulls.com/SignalPage.aspx?lang=en&Ticker=SVOL-B.ST;230;https://www.swedishbulls.com/SignalPage.aspx?lang=en&Ticker=SVOL-B.ST
GARO.ST;https://www.swedishbulls.com/SignalPage.aspx?lang=en&Ticker=GARO.ST;229.7;https://www.swedishbulls.com/SignalPage.aspx?lang=en&Ticker=GARO.ST
REJL-B.ST;https://www.swedishbulls.com/SignalPage.aspx?lang=en&Ticker=REJL-B.ST;229.62;https://www.swedishbulls.com/SignalPage.aspx?lang=en&Ticker=REJL-B.ST
NOBI.ST;https://www.swedishbulls.com/SignalPage.aspx?lang=en&Ticker=NOBI.ST;229.38;https://www.swedishbulls.com/SignalPage.aspx?lang=en&Ticker=NOBI.ST
47307.ST;https://www.swedishbulls.com/SignalPage.aspx?lang=en&Ticker=47307.ST;228.76;https://www.swedishbulls.com/SignalPage.aspx?lang=en&Ticker=47307.ST
MIND.ST;https://www.swedishbulls.com/SignalPage.aspx?lang=en&Ticker=MIND.ST;227.39;https://www.swedishbulls.com/SignalPage.aspx?lang=en&Ticker=MIND.ST
TRAC-B.ST;https://www.swedishbulls.com/SignalPage.aspx?lang=en&Ticker=TRAC-B.ST;227.22;https://www.swedishbulls.com/SignalPage.aspx?lang=en&Ticker=TRAC-B.ST
CINN.ST;https://www.swedishbulls.com/SignalPage.aspx?lang=en&Ticker=CINN.ST;226.22;https://www.swedishbulls.com/SignalPage.aspx?lang=en&Ticker=CINN.ST
CLEANT-A.ST;https://www.swedishbulls.com/SignalPage.aspx?lang=en&Ticker=CLEANT-A.ST;225.73;https://www.swedishbulls.com/SignalPage.aspx?lang=en&Ticker=CLEANT-A.ST
LLSW-B.ST;https://www.swedishbulls.com/SignalPage.aspx?lang=en&Ticker=LLSW-B.ST;224.97;https://www.swedishbulls.com/SignalPage.aspx?lang=en&Ticker=LLSW-B.ST
IS.ST;https://www.swedishbulls.com/SignalPage.aspx?lang=en&Ticker=IS.ST;224.89;https://www.swedishbulls.com/SignalPage.aspx?lang=en&Ticker=IS.ST
SAGA-A.ST;https://www.swedishbulls.com/SignalPage.aspx?lang=en&Ticker=SAGA-A.ST;224.3;https://www.swedishbulls.com/SignalPage.aspx?lang=en&Ticker=SAGA-A.ST
XVIVO.ST;https://www.swedishbulls.com/SignalPage.aspx?lang=en&Ticker=XVIVO.ST;224.21;https://www.swedishbulls.com/SignalPage.aspx?lang=en&Ticker=XVIVO.ST
NOTE.ST;https://www.swedishbulls.com/SignalPage.aspx?lang=en&Ticker=NOTE.ST;222.7;https://www.swedishbulls.com/SignalPage.aspx?lang=en&Ticker=NOTE.ST
PLED.ST;https://www.swedishbulls.com/SignalPage.aspx?lang=en&Ticker=PLED.ST;222.28;https://www.swedishbulls.com/SignalPage.aspx?lang=en&Ticker=PLED.ST
CAT-B.ST;https://www.swedishbulls.com/SignalPage.aspx?lang=en&Ticker=CAT-B.ST;222.24;https://www.swedishbulls.com/SignalPage.aspx?lang=en&Ticker=CAT-B.ST
ODD.ST;https://www.swedishbulls.com/SignalPage.aspx?lang=en&Ticker=ODD.ST;222.21;https://www.swedishbulls.com/SignalPage.aspx?lang=en&Ticker=ODD.ST
THQN-B.ST;https://www.swedishbulls.com/SignalPage.aspx?lang=en&Ticker=THQN-B.ST;221.63;https://www.swedishbulls.com/SignalPage.aspx?lang=en&Ticker=THQN-B.ST
STE-A.ST;https://www.swedishbulls.com/SignalPage.aspx?lang=en&Ticker=STE-A.ST;220.98;https://www.swedishbulls.com/SignalPage.aspx?lang=en&Ticker=STE-A.ST
CAPAC.ST;https://www.swedishbulls.com/SignalPage.aspx?lang=en&Ticker=CAPAC.ST;220.87;https://www.swedishbulls.com/SignalPage.aspx?lang=en&Ticker=CAPAC.ST
LUND-B.ST;https://www.swedishbulls.com/SignalPage.aspx?lang=en&Ticker=LUND-B.ST;220.45;https://www.swedishbulls.com/SignalPage.aspx?lang=en&Ticker=LUND-B.ST
STRAX.ST;https://www.swedishbulls.com/SignalPage.aspx?lang=en&Ticker=STRAX.ST;220.41;https://www.swedishbulls.com/SignalPage.aspx?lang=en&Ticker=STRAX.ST
NIL-B.ST;https://www.swedishbulls.com/SignalPage.aspx?lang=en&Ticker=NIL-B.ST;220.27;https://www.swedishbulls.com/SignalPage.aspx?lang=en&Ticker=NIL-B.ST
VBG-B.ST;https://www.swedishbulls.com/SignalPage.aspx?lang=en&Ticker=VBG-B.ST;218.94;https://www.swedishbulls.com/SignalPage.aspx?lang=en&Ticker=VBG-B.ST
EOS.ST;https://www.swedishbulls.com/SignalPage.aspx?lang=en&Ticker=EOS.ST;217.63;https://www.swedishbulls.com/SignalPage.aspx?lang=en&Ticker=EOS.ST
INVE-B.ST;https://www.swedishbulls.com/SignalPage.aspx?lang=en&Ticker=INVE-B.ST;217.21;https://www.swedishbulls.com/SignalPage.aspx?lang=en&Ticker=INVE-B.ST
ACM.ST;https://www.swedishbulls.com/SignalPage.aspx?lang=en&Ticker=ACM.ST;216.87;https://www.swedishbulls.com/SignalPage.aspx?lang=en&Ticker=ACM.ST
COIC.ST;https://www.swedishbulls.com/SignalPage.aspx?lang=en&Ticker=COIC.ST;215.67;https://www.swedishbulls.com/SignalPage.aspx?lang=en&Ticker=COIC.ST
VERI.ST;https://www.swedishbulls.com/SignalPage.aspx?lang=en&Ticker=VERI.ST;215.61;https://www.swedishbulls.com/SignalPage.aspx?lang=en&Ticker=VERI.ST
ALON-B.NGM;https://www.swedishbulls.com/SignalPage.aspx?lang=en&Ticker=ALON-B.NGM;215.11;https://www.swedishbulls.com/SignalPage.aspx?lang=en&Ticker=ALON-B.NGM
NIBE-B.ST;https://www.swedishbulls.com/SignalPage.aspx?lang=en&Ticker=NIBE-B.ST;214.09;https://www.swedishbulls.com/SignalPage.aspx?lang=en&Ticker=NIBE-B.ST
NGQ.ST;https://www.swedishbulls.com/SignalPage.aspx?lang=en&Ticker=NGQ.ST;213.87;https://www.swedishbulls.com/SignalPage.aspx?lang=en&Ticker=NGQ.ST
INDU-C.ST;https://www.swedishbulls.com/SignalPage.aspx?lang=en&Ticker=INDU-C.ST;213.54;https://www.swedishbulls.com/SignalPage.aspx?lang=en&Ticker=INDU-C.ST
NOBINA.ST;https://www.swedishbulls.com/SignalPage.aspx?lang=en&Ticker=NOBINA.ST;213.47;https://www.swedishbulls.com/SignalPage.aspx?lang=en&Ticker=NOBINA.ST
SOSIL.NGM;https://www.swedishbulls.com/SignalPage.aspx?lang=en&Ticker=SOSIL.NGM;213.44;https://www.swedishbulls.com/SignalPage.aspx?lang=en&Ticker=SOSIL.NGM
SWEC-B.ST;https://www.swedishbulls.com/SignalPage.aspx?lang=en&Ticker=SWEC-B.ST;213.18;https://www.swedishbulls.com/SignalPage.aspx?lang=en&Ticker=SWEC-B.ST
KAN.ST;https://www.swedishbulls.com/SignalPage.aspx?lang=en&Ticker=KAN.ST;212.51;https://www.swedishbulls.com/SignalPage.aspx?lang=en&Ticker=KAN.ST
VOLV-A.ST;https://www.swedishbulls.com/SignalPage.aspx?lang=en&Ticker=VOLV-A.ST;212.17;https://www.swedishbulls.com/SignalPage.aspx?lang=en&Ticker=VOLV-A.ST
PNVA.NGM;https://www.swedishbulls.com/SignalPage.aspx?lang=en&Ticker=PNVA.NGM;212.13;https://www.swedishbulls.com/SignalPage.aspx?lang=en&Ticker=PNVA.NGM
INDU-A.ST;https://www.swedishbulls.com/SignalPage.aspx?lang=en&Ticker=INDU-A.ST;212.08;https://www.swedishbulls.com/SignalPage.aspx?lang=en&Ticker=INDU-A.ST
LEX.ST;https://www.swedishbulls.com/SignalPage.aspx?lang=en&Ticker=LEX.ST;212.02;https://www.swedishbulls.com/SignalPage.aspx?lang=en&Ticker=LEX.ST
LATO-B.ST;https://www.swedishbulls.com/SignalPage.aspx?lang=en&Ticker=LATO-B.ST;211.55;https://www.swedishbulls.com/SignalPage.aspx?lang=en&Ticker=LATO-B.ST
MCAP.ST;https://www.swedishbulls.com/SignalPage.aspx?lang=en&Ticker=MCAP.ST;211.37;https://www.swedishbulls.com/SignalPage.aspx?lang=en&Ticker=MCAP.ST
PACT.ST;https://www.swedishbulls.com/SignalPage.aspx?lang=en&Ticker=PACT.ST;210.52;https://www.swedishbulls.com/SignalPage.aspx?lang=en&Ticker=PACT.ST
HPOL-B.ST;https://www.swedishbulls.com/SignalPage.aspx?lang=en&Ticker=HPOL-B.ST;210.42;https://www.swedishbulls.com/SignalPage.aspx?lang=en&Ticker=HPOL-B.ST
AQ.ST;https://www.swedishbulls.com/SignalPage.aspx?lang=en&Ticker=AQ.ST;209.84;https://www.swedishbulls.com/SignalPage.aspx?lang=en&Ticker=AQ.ST
NMAN.ST;https://www.swedishbulls.com/SignalPage.aspx?lang=en&Ticker=NMAN.ST;209.45;https://www.swedishbulls.com/SignalPage.aspx?lang=en&Ticker=NMAN.ST
NET-B.ST;https://www.swedishbulls.com/SignalPage.aspx?lang=en&Ticker=NET-B.ST;208.28;https://www.swedishbulls.com/SignalPage.aspx?lang=en&Ticker=NET-B.ST
ORTI-B.ST;https://www.swedishbulls.com/SignalPage.aspx?lang=en&Ticker=ORTI-B.ST;208.07;https://www.swedishbulls.com/SignalPage.aspx?lang=en&Ticker=ORTI-B.ST
AVT-B.ST;https://www.swedishbulls.com/SignalPage.aspx?lang=en&Ticker=AVT-B.ST;207.88;https://www.swedishbulls.com/SignalPage.aspx?lang=en&Ticker=AVT-B.ST
VEMF-SDB.ST;https://www.swedishbulls.com/SignalPage.aspx?lang=en&Ticker=VEMF-SDB.ST;207.49;https://www.swedishbulls.com/SignalPage.aspx?lang=en&Ticker=VEMF-SDB.ST
FABG.ST;https://www.swedishbulls.com/SignalPage.aspx?lang=en&Ticker=FABG.ST;207.06;https://www.swedishbulls.com/SignalPage.aspx?lang=en&Ticker=FABG.ST
PEAB-B.ST;https://www.swedishbulls.com/SignalPage.aspx?lang=en&Ticker=PEAB-B.ST;206.35;https://www.swedishbulls.com/SignalPage.aspx?lang=en&Ticker=PEAB-B.ST
PRIC-B.ST;https://www.swedishbulls.com/SignalPage.aspx?lang=en&Ticker=PRIC-B.ST;205.42;https://www.swedishbulls.com/SignalPage.aspx?lang=en&Ticker=PRIC-B.ST
LAUR.ST;https://www.swedishbulls.com/SignalPage.aspx?lang=en&Ticker=LAUR.ST;204.91;https://www.swedishbulls.com/SignalPage.aspx?lang=en&Ticker=LAUR.ST
STEF-B.ST;https://www.swedishbulls.com/SignalPage.aspx?lang=en&Ticker=STEF-B.ST;204.69;https://www.swedishbulls.com/SignalPage.aspx?lang=en&Ticker=STEF-B.ST
WISE.ST;https://www.swedishbulls.com/SignalPage.aspx?lang=en&Ticker=WISE.ST;204.22;https://www.swedishbulls.com/SignalPage.aspx?lang=en&Ticker=WISE.ST
BALD-B.ST;https://www.swedishbulls.com/SignalPage.aspx?lang=en&Ticker=BALD-B.ST;204.2;https://www.swedishbulls.com/SignalPage.aspx?lang=en&Ticker=BALD-B.ST
AZN.ST;https://www.swedishbulls.com/SignalPage.aspx?lang=en&Ticker=AZN.ST;204.04;https://www.swedishbulls.com/SignalPage.aspx?lang=en&Ticker=AZN.ST
ZZ-B.ST;https://www.swedishbulls.com/SignalPage.aspx?lang=en&Ticker=ZZ-B.ST;203.65;https://www.swedishbulls.com/SignalPage.aspx?lang=en&Ticker=ZZ-B.ST
SAXG.ST;https://www.swedishbulls.com/SignalPage.aspx?lang=en&Ticker=SAXG.ST;203.58;https://www.swedishbulls.com/SignalPage.aspx?lang=en&Ticker=SAXG.ST
AAK.ST;https://www.swedishbulls.com/SignalPage.aspx?lang=en&Ticker=AAK.ST;203.48;https://www.swedishbulls.com/SignalPage.aspx?lang=en&Ticker=AAK.ST
KNOW.ST;https://www.swedishbulls.com/SignalPage.aspx?lang=en&Ticker=KNOW.ST;202.52;https://www.swedishbulls.com/SignalPage.aspx?lang=en&Ticker=KNOW.ST
LAMM-B.ST;https://www.swedishbulls.com/SignalPage.aspx?lang=en&Ticker=LAMM-B.ST;201.92;https://www.swedishbulls.com/SignalPage.aspx?lang=en&Ticker=LAMM-B.ST
KINV-B.ST;https://www.swedishbulls.com/SignalPage.aspx?lang=en&Ticker=KINV-B.ST;201.46;https://www.swedishbulls.com/SignalPage.aspx?lang=en&Ticker=KINV-B.ST
ENZY.ST;https://www.swedishbulls.com/SignalPage.aspx?lang=en&Ticker=ENZY.ST;200.57;https://www.swedishbulls.com/SignalPage.aspx?lang=en&Ticker=ENZY.ST
CRED-A.ST;https://www.swedishbulls.com/SignalPage.aspx?lang=en&Ticker=CRED-A.ST;200.47;https://www.swedishbulls.com/SignalPage.aspx?lang=en&Ticker=CRED-A.ST
OBDU-B.NGM;https://www.swedishbulls.com/SignalPage.aspx?lang=en&Ticker=OBDU-B.NGM;200.21;https://www.swedishbulls.com/SignalPage.aspx?lang=en&Ticker=OBDU-B.NGM
NDA-SEK.ST;https://www.swedishbulls.com/SignalPage.aspx?lang=en&Ticker=NDA-SEK.ST;199.44;https://www.swedishbulls.com/SignalPage.aspx?lang=en&Ticker=NDA-SEK.ST
XACT-BEAR-2.ST;https://www.swedishbulls.com/SignalPage.aspx?lang=en&Ticker=XACT-BEAR-2.ST;199.43;https://www.swedishbulls.com/SignalPage.aspx?lang=en&Ticker=XACT-BEAR-2.ST
WIHL.ST;https://www.swedishbulls.com/SignalPage.aspx?lang=en&Ticker=WIHL.ST;199.3;https://www.swedishbulls.com/SignalPage.aspx?lang=en&Ticker=WIHL.ST
BORG.ST;https://www.swedishbulls.com/SignalPage.aspx?lang=en&Ticker=BORG.ST;199.14;https://www.swedishbulls.com/SignalPage.aspx?lang=en&Ticker=BORG.ST
MSON-B.ST;https://www.swedishbulls.com/SignalPage.aspx?lang=en&Ticker=MSON-B.ST;198.84;https://www.swedishbulls.com/SignalPage.aspx?lang=en&Ticker=MSON-B.ST
FNMA-PREF.ST;https://www.swedishbulls.com/SignalPage.aspx?lang=en&Ticker=FNMA-PREF.ST;198.6;https://www.swedishbulls.com/SignalPage.aspx?lang=en&Ticker=FNMA-PREF.ST
ADDT-B.ST;https://www.swedishbulls.com/SignalPage.aspx?lang=en&Ticker=ADDT-B.ST;198.13;https://www.swedishbulls.com/SignalPage.aspx?lang=en&Ticker=ADDT-B.ST
BILL.ST;https://www.swedishbulls.com/SignalPage.aspx?lang=en&Ticker=BILL.ST;197.9;https://www.swedishbulls.com/SignalPage.aspx?lang=en&Ticker=BILL.ST
NCC-A.ST;https://www.swedishbulls.com/SignalPage.aspx?lang=en&Ticker=NCC-A.ST;197.5;https://www.swedishbulls.com/SignalPage.aspx?lang=en&Ticker=NCC-A.ST
PFE.ST;https://www.swedishbulls.com/SignalPage.aspx?lang=en&Ticker=PFE.ST;197.39;https://www.swedishbulls.com/SignalPage.aspx?lang=en&Ticker=PFE.ST
BILI-A.ST;https://www.swedishbulls.com/SignalPage.aspx?lang=en&Ticker=BILI-A.ST;197.25;https://www.swedishbulls.com/SignalPage.aspx?lang=en&Ticker=BILI-A.ST
INWI.ST;https://www.swedishbulls.com/SignalPage.aspx?lang=en&Ticker=INWI.ST;196.02;https://www.swedishbulls.com/SignalPage.aspx?lang=en&Ticker=INWI.ST
NUE.ST;https://www.swedishbulls.com/SignalPage.aspx?lang=en&Ticker=NUE.ST;195.99;https://www.swedishbulls.com/SignalPage.aspx?lang=en&Ticker=NUE.ST
RNBS.ST;https://www.swedishbulls.com/SignalPage.aspx?lang=en&Ticker=RNBS.ST;195.67;https://www.swedishbulls.com/SignalPage.aspx?lang=en&Ticker=RNBS.ST
UTG.ST;https://www.swedishbulls.com/SignalPage.aspx?lang=en&Ticker=UTG.ST;195.49;https://www.swedishbulls.com/SignalPage.aspx?lang=en&Ticker=UTG.ST
TEL2-A.ST;https://www.swedishbulls.com/SignalPage.aspx?lang=en&Ticker=TEL2-A.ST;194.39;https://www.swedishbulls.com/SignalPage.aspx?lang=en&Ticker=TEL2-A.ST
NEPA.ST;https://www.swedishbulls.com/SignalPage.aspx?lang=en&Ticker=NEPA.ST;194.32;https://www.swedishbulls.com/SignalPage.aspx?lang=en&Ticker=NEPA.ST
KONT.ST;https://www.swedishbulls.com/SignalPage.aspx?lang=en&Ticker=KONT.ST;194.17;https://www.swedishbulls.com/SignalPage.aspx?lang=en&Ticker=KONT.ST
SPRINT.ST;https://www.swedishbulls.com/SignalPage.aspx?lang=en&Ticker=SPRINT.ST;193.8;https://www.swedishbulls.com/SignalPage.aspx?lang=en&Ticker=SPRINT.ST
XINT.ST;https://www.swedishbulls.com/SignalPage.aspx?lang=en&Ticker=XINT.ST;193.64;https://www.swedishbulls.com/SignalPage.aspx?lang=en&Ticker=XINT.ST
INVE-A.ST;https://www.swedishbulls.com/SignalPage.aspx?lang=en&Ticker=INVE-A.ST;193.54;https://www.swedishbulls.com/SignalPage.aspx?lang=en&Ticker=INVE-A.ST
LUG.ST;https://www.swedishbulls.com/SignalPage.aspx?lang=en&Ticker=LUG.ST;192.91;https://www.swedishbulls.com/SignalPage.aspx?lang=en&Ticker=LUG.ST
CASO.ST;https://www.swedishbulls.com/SignalPage.aspx?lang=en&Ticker=CASO.ST;192.67;https://www.swedishbulls.com/SignalPage.aspx?lang=en&Ticker=CASO.ST
ARP.ST;https://www.swedishbulls.com/SignalPage.aspx?lang=en&Ticker=ARP.ST;192.66;https://www.swedishbulls.com/SignalPage.aspx?lang=en&Ticker=ARP.ST
ABB.ST;https://www.swedishbulls.com/SignalPage.aspx?lang=en&Ticker=ABB.ST;192.12;https://www.swedishbulls.com/SignalPage.aspx?lang=en&Ticker=ABB.ST
EOLU-B.ST;https://www.swedishbulls.com/SignalPage.aspx?lang=en&Ticker=EOLU-B.ST;192.03;https://www.swedishbulls.com/SignalPage.aspx?lang=en&Ticker=EOLU-B.ST
ARISE.ST;https://www.swedishbulls.com/SignalPage.aspx?lang=en&Ticker=ARISE.ST;191.65;https://www.swedishbulls.com/SignalPage.aspx?lang=en&Ticker=ARISE.ST
SWOL-B.ST;https://www.swedishbulls.com/SignalPage.aspx?lang=en&Ticker=SWOL-B.ST;191.18;https://www.swedishbulls.com/SignalPage.aspx?lang=en&Ticker=SWOL-B.ST
SOLT.ST;https://www.swedishbulls.com/SignalPage.aspx?lang=en&Ticker=SOLT.ST;191.01;https://www.swedishbulls.com/SignalPage.aspx?lang=en&Ticker=SOLT.ST
BETS-B.ST;https://www.swedishbulls.com/SignalPage.aspx?lang=en&Ticker=BETS-B.ST;190.99;https://www.swedishbulls.com/SignalPage.aspx?lang=en&Ticker=BETS-B.ST
SKF-A.ST;https://www.swedishbulls.com/SignalPage.aspx?lang=en&Ticker=SKF-A.ST;190.35;https://www.swedishbulls.com/SignalPage.aspx?lang=en&Ticker=SKF-A.ST
HUSQ-A.ST;https://www.swedishbulls.com/SignalPage.aspx?lang=en&Ticker=HUSQ-A.ST;189.51;https://www.swedishbulls.com/SignalPage.aspx?lang=en&Ticker=HUSQ-A.ST
NCC-B.ST;https://www.swedishbulls.com/SignalPage.aspx?lang=en&Ticker=NCC-B.ST;189.27;https://www.swedishbulls.com/SignalPage.aspx?lang=en&Ticker=NCC-B.ST
ANOD-B.ST;https://www.swedishbulls.com/SignalPage.aspx?lang=en&Ticker=ANOD-B.ST;189.09;https://www.swedishbulls.com/SignalPage.aspx?lang=en&Ticker=ANOD-B.ST
REZT.ST;https://www.swedishbulls.com/SignalPage.aspx?lang=en&Ticker=REZT.ST;188.54;https://www.swedishbulls.com/SignalPage.aspx?lang=en&Ticker=REZT.ST
TCT.ST;https://www.swedishbulls.com/SignalPage.aspx?lang=en&Ticker=TCT.ST;187.89;https://www.swedishbulls.com/SignalPage.aspx?lang=en&Ticker=TCT.ST
SVOL-A.ST;https://www.swedishbulls.com/SignalPage.aspx?lang=en&Ticker=SVOL-A.ST;187.87;https://www.swedishbulls.com/SignalPage.aspx?lang=en&Ticker=SVOL-A.ST
BEIA-B.ST;https://www.swedishbulls.com/SignalPage.aspx?lang=en&Ticker=BEIA-B.ST;187.74;https://www.swedishbulls.com/SignalPage.aspx?lang=en&Ticker=BEIA-B.ST
ATRLJ-B.ST;https://www.swedishbulls.com/SignalPage.aspx?lang=en&Ticker=ATRLJ-B.ST;187.56;https://www.swedishbulls.com/SignalPage.aspx?lang=en&Ticker=ATRLJ-B.ST
HEMF.ST;https://www.swedishbulls.com/SignalPage.aspx?lang=en&Ticker=HEMF.ST;187.52;https://www.swedishbulls.com/SignalPage.aspx?lang=en&Ticker=HEMF.ST
MTG-B.ST;https://www.swedishbulls.com/SignalPage.aspx?lang=en&Ticker=MTG-B.ST;187.08;https://www.swedishbulls.com/SignalPage.aspx?lang=en&Ticker=MTG-B.ST
MELK.ST;https://www.swedishbulls.com/SignalPage.aspx?lang=en&Ticker=MELK.ST;187.03;https://www.swedishbulls.com/SignalPage.aspx?lang=en&Ticker=MELK.ST
SECU-B.ST;https://www.swedishbulls.com/SignalPage.aspx?lang=en&Ticker=SECU-B.ST;186.68;https://www.swedishbulls.com/SignalPage.aspx?lang=en&Ticker=SECU-B.ST
MEKO.ST;https://www.swedishbulls.com/SignalPage.aspx?lang=en&Ticker=MEKO.ST;186.18;https://www.swedishbulls.com/SignalPage.aspx?lang=en&Ticker=MEKO.ST
AF-B.ST;https://www.swedishbulls.com/SignalPage.aspx?lang=en&Ticker=AF-B.ST;186.08;https://www.swedishbulls.com/SignalPage.aspx?lang=en&Ticker=AF-B.ST
SKF-B.ST;https://www.swedishbulls.com/SignalPage.aspx?lang=en&Ticker=SKF-B.ST;185.76;https://www.swedishbulls.com/SignalPage.aspx?lang=en&Ticker=SKF-B.ST
COMH.ST;https://www.swedishbulls.com/SignalPage.aspx?lang=en&Ticker=COMH.ST;185.45;https://www.swedishbulls.com/SignalPage.aspx?lang=en&Ticker=COMH.ST
BULTEN.ST;https://www.swedishbulls.com/SignalPage.aspx?lang=en&Ticker=BULTEN.ST;184.97;https://www.swedishbulls.com/SignalPage.aspx?lang=en&Ticker=BULTEN.ST
BEIJ-B.ST;https://www.swedishbulls.com/SignalPage.aspx?lang=en&Ticker=BEIJ-B.ST;184.77;https://www.swedishbulls.com/SignalPage.aspx?lang=en&Ticker=BEIJ-B.ST
ELUX-B.ST;https://www.swedishbulls.com/SignalPage.aspx?lang=en&Ticker=ELUX-B.ST;184.04;https://www.swedishbulls.com/SignalPage.aspx?lang=en&Ticker=ELUX-B.ST
SECT-B.ST;https://www.swedishbulls.com/SignalPage.aspx?lang=en&Ticker=SECT-B.ST;183.24;https://www.swedishbulls.com/SignalPage.aspx?lang=en&Ticker=SECT-B.ST
SAND.ST;https://www.swedishbulls.com/SignalPage.aspx?lang=en&Ticker=SAND.ST;182.81;https://www.swedishbulls.com/SignalPage.aspx?lang=en&Ticker=SAND.ST
INISS-B.ST;https://www.swedishbulls.com/SignalPage.aspx?lang=en&Ticker=INISS-B.ST;181.97;https://www.swedishbulls.com/SignalPage.aspx?lang=en&Ticker=INISS-B.ST
VNV-SDB.ST;https://www.swedishbulls.com/SignalPage.aspx?lang=en&Ticker=VNV-SDB.ST;181.67;https://www.swedishbulls.com/SignalPage.aspx?lang=en&Ticker=VNV-SDB.ST
JAYS.ST;https://www.swedishbulls.com/SignalPage.aspx?lang=en&Ticker=JAYS.ST;181.45;https://www.swedishbulls.com/SignalPage.aspx?lang=en&Ticker=JAYS.ST
CCC.ST;https://www.swedishbulls.com/SignalPage.aspx?lang=en&Ticker=CCC.ST;180.42;https://www.swedishbulls.com/SignalPage.aspx?lang=en&Ticker=CCC.ST
PIEZO.ST;https://www.swedishbulls.com/SignalPage.aspx?lang=en&Ticker=PIEZO.ST;180;https://www.swedishbulls.com/SignalPage.aspx?lang=en&Ticker=PIEZO.ST
ALIRA-B.ST;https://www.swedishbulls.com/SignalPage.aspx?lang=en&Ticker=ALIRA-B.ST;179.67;https://www.swedishbulls.com/SignalPage.aspx?lang=en&Ticker=ALIRA-B.ST
RATO-B.ST;https://www.swedishbulls.com/SignalPage.aspx?lang=en&Ticker=RATO-B.ST;179.32;https://www.swedishbulls.com/SignalPage.aspx?lang=en&Ticker=RATO-B.ST
OBAB.ST;https://www.swedishbulls.com/SignalPage.aspx?lang=en&Ticker=OBAB.ST;179.31;https://www.swedishbulls.com/SignalPage.aspx?lang=en&Ticker=OBAB.ST
HOFI.ST;https://www.swedishbulls.com/SignalPage.aspx?lang=en&Ticker=HOFI.ST;179.21;https://www.swedishbulls.com/SignalPage.aspx?lang=en&Ticker=HOFI.ST
BWL.ST;https://www.swedishbulls.com/SignalPage.aspx?lang=en&Ticker=BWL.ST;178.26;https://www.swedishbulls.com/SignalPage.aspx?lang=en&Ticker=BWL.ST
AROC.ST;https://www.swedishbulls.com/SignalPage.aspx?lang=en&Ticker=AROC.ST;178.01;https://www.swedishbulls.com/SignalPage.aspx?lang=en&Ticker=AROC.ST
LEO.ST;https://www.swedishbulls.com/SignalPage.aspx?lang=en&Ticker=LEO.ST;177.65;https://www.swedishbulls.com/SignalPage.aspx?lang=en&Ticker=LEO.ST
FPIP.ST;https://www.swedishbulls.com/SignalPage.aspx?lang=en&Ticker=FPIP.ST;176.92;https://www.swedishbulls.com/SignalPage.aspx?lang=en&Ticker=FPIP.ST
HUSQ-B.ST;https://www.swedishbulls.com/SignalPage.aspx?lang=en&Ticker=HUSQ-B.ST;175.3;https://www.swedishbulls.com/SignalPage.aspx?lang=en&Ticker=HUSQ-B.ST
LIAB.ST;https://www.swedishbulls.com/SignalPage.aspx?lang=en&Ticker=LIAB.ST;175.21;https://www.swedishbulls.com/SignalPage.aspx?lang=en&Ticker=LIAB.ST
CORE.ST;https://www.swedishbulls.com/SignalPage.aspx?lang=en&Ticker=CORE.ST;174.31;https://www.swedishbulls.com/SignalPage.aspx?lang=en&Ticker=CORE.ST
SAGA-B.ST;https://www.swedishbulls.com/SignalPage.aspx?lang=en&Ticker=SAGA-B.ST;173.97;https://www.swedishbulls.com/SignalPage.aspx?lang=en&Ticker=SAGA-B.ST
HANZA.ST;https://www.swedishbulls.com/SignalPage.aspx?lang=en&Ticker=HANZA.ST;173.94;https://www.swedishbulls.com/SignalPage.aspx?lang=en&Ticker=HANZA.ST
SF.ST;https://www.swedishbulls.com/SignalPage.aspx?lang=en&Ticker=SF.ST;173.88;https://www.swedishbulls.com/SignalPage.aspx?lang=en&Ticker=SF.ST
CLAS-B.ST;https://www.swedishbulls.com/SignalPage.aspx?lang=en&Ticker=CLAS-B.ST;173.84;https://www.swedishbulls.com/SignalPage.aspx?lang=en&Ticker=CLAS-B.ST
IJ.ST;https://www.swedishbulls.com/SignalPage.aspx?lang=en&Ticker=IJ.ST;173.43;https://www.swedishbulls.com/SignalPage.aspx?lang=en&Ticker=IJ.ST
GRNG.ST;https://www.swedishbulls.com/SignalPage.aspx?lang=en&Ticker=GRNG.ST;173.2;https://www.swedishbulls.com/SignalPage.aspx?lang=en&Ticker=GRNG.ST
ELUX-A.ST;https://www.swedishbulls.com/SignalPage.aspx?lang=en&Ticker=ELUX-A.ST;172.97;https://www.swedishbulls.com/SignalPage.aspx?lang=en&Ticker=ELUX-A.ST
KLAR.ST;https://www.swedishbulls.com/SignalPage.aspx?lang=en&Ticker=KLAR.ST;172.96;https://www.swedishbulls.com/SignalPage.aspx?lang=en&Ticker=KLAR.ST
WALL-B.ST;https://www.swedishbulls.com/SignalPage.aspx?lang=en&Ticker=WALL-B.ST;172.52;https://www.swedishbulls.com/SignalPage.aspx?lang=en&Ticker=WALL-B.ST
ATT.ST;https://www.swedishbulls.com/SignalPage.aspx?lang=en&Ticker=ATT.ST;172.12;https://www.swedishbulls.com/SignalPage.aspx?lang=en&Ticker=ATT.ST
DOM.ST;https://www.swedishbulls.com/SignalPage.aspx?lang=en&Ticker=DOM.ST;171.77;https://www.swedishbulls.com/SignalPage.aspx?lang=en&Ticker=DOM.ST
ALIF-B.ST;https://www.swedishbulls.com/SignalPage.aspx?lang=en&Ticker=ALIF-B.ST;170.9;https://www.swedishbulls.com/SignalPage.aspx?lang=en&Ticker=ALIF-B.ST
HEMC-TO1.ST;https://www.swedishbulls.com/SignalPage.aspx?lang=en&Ticker=HEMC-TO1.ST;170.77;https://www.swedishbulls.com/SignalPage.aspx?lang=en&Ticker=HEMC-TO1.ST
MAHA-A-TO-1.ST;https://www.swedishbulls.com/SignalPage.aspx?lang=en&Ticker=MAHA-A-TO-1.ST;170.73;https://www.swedishbulls.com/SignalPage.aspx?lang=en&Ticker=MAHA-A-TO-1.ST
NICO.ST;https://www.swedishbulls.com/SignalPage.aspx?lang=en&Ticker=NICO.ST;169.9;https://www.swedishbulls.com/SignalPage.aspx?lang=en&Ticker=NICO.ST
OEM-B.ST;https://www.swedishbulls.com/SignalPage.aspx?lang=en&Ticker=OEM-B.ST;169.9;https://www.swedishbulls.com/SignalPage.aspx?lang=en&Ticker=OEM-B.ST
VRG-B.ST;https://www.swedishbulls.com/SignalPage.aspx?lang=en&Ticker=VRG-B.ST;169.9;https://www.swedishbulls.com/SignalPage.aspx?lang=en&Ticker=VRG-B.ST
STW.ST;https://www.swedishbulls.com/SignalPage.aspx?lang=en&Ticker=STW.ST;169.29;https://www.swedishbulls.com/SignalPage.aspx?lang=en&Ticker=STW.ST
ATCO-B.ST;https://www.swedishbulls.com/SignalPage.aspx?lang=en&Ticker=ATCO-B.ST;169.2;https://www.swedishbulls.com/SignalPage.aspx?lang=en&Ticker=ATCO-B.ST
XACT-OMXSB-UTD.ST;https://www.swedishbulls.com/SignalPage.aspx?lang=en&Ticker=XACT-OMXSB-UTD.ST;169.15;https://www.swedishbulls.com/SignalPage.aspx?lang=en&Ticker=XACT-OMXSB-UTD.ST
XACT-BULL.ST;https://www.swedishbulls.com/SignalPage.aspx?lang=en&Ticker=XACT-BULL.ST;168.59;https://www.swedishbulls.com/SignalPage.aspx?lang=en&Ticker=XACT-BULL.ST
DUNI.ST;https://www.swedishbulls.com/SignalPage.aspx?lang=en&Ticker=DUNI.ST;166.49;https://www.swedishbulls.com/SignalPage.aspx?lang=en&Ticker=DUNI.ST
RESURS.ST;https://www.swedishbulls.com/SignalPage.aspx?lang=en&Ticker=RESURS.ST;165.21;https://www.swedishbulls.com/SignalPage.aspx?lang=en&Ticker=RESURS.ST
SIMRIS-B.ST;https://www.swedishbulls.com/SignalPage.aspx?lang=en&Ticker=SIMRIS-B.ST;165.1;https://www.swedishbulls.com/SignalPage.aspx?lang=en&Ticker=SIMRIS-B.ST
CTM.ST;https://www.swedishbulls.com/SignalPage.aspx?lang=en&Ticker=CTM.ST;164.74;https://www.swedishbulls.com/SignalPage.aspx?lang=en&Ticker=CTM.ST
CELLNK-B.ST;https://www.swedishbulls.com/SignalPage.aspx?lang=en&Ticker=CELLNK-B.ST;164.23;https://www.swedishbulls.com/SignalPage.aspx?lang=en&Ticker=CELLNK-B.ST
SEB-C.ST;https://www.swedishbulls.com/SignalPage.aspx?lang=en&Ticker=SEB-C.ST;163.37;https://www.swedishbulls.com/SignalPage.aspx?lang=en&Ticker=SEB-C.ST
AVEN.ST;https://www.swedishbulls.com/SignalPage.aspx?lang=en&Ticker=AVEN.ST;162.46;https://www.swedishbulls.com/SignalPage.aspx?lang=en&Ticker=AVEN.ST
DURC-B.ST;https://www.swedishbulls.com/SignalPage.aspx?lang=en&Ticker=DURC-B.ST;162.18;https://www.swedishbulls.com/SignalPage.aspx?lang=en&Ticker=DURC-B.ST
CMOTEC-B.ST;https://www.swedishbulls.com/SignalPage.aspx?lang=en&Ticker=CMOTEC-B.ST;161.93;https://www.swedishbulls.com/SignalPage.aspx?lang=en&Ticker=CMOTEC-B.ST
HOLM-B.ST;https://www.swedishbulls.com/SignalPage.aspx?lang=en&Ticker=HOLM-B.ST;161.24;https://www.swedishbulls.com/SignalPage.aspx?lang=en&Ticker=HOLM-B.ST
ELTEL.ST;https://www.swedishbulls.com/SignalPage.aspx?lang=en&Ticker=ELTEL.ST;160.68;https://www.swedishbulls.com/SignalPage.aspx?lang=en&Ticker=ELTEL.ST
ONCO.ST;https://www.swedishbulls.com/SignalPage.aspx?lang=en&Ticker=ONCO.ST;160.51;https://www.swedishbulls.com/SignalPage.aspx?lang=en&Ticker=ONCO.ST
CAST.ST;https://www.swedishbulls.com/SignalPage.aspx?lang=en&Ticker=CAST.ST;159.8;https://www.swedishbulls.com/SignalPage.aspx?lang=en&Ticker=CAST.ST
ACAD.ST;https://www.swedishbulls.com/SignalPage.aspx?lang=en&Ticker=ACAD.ST;158.51;https://www.swedishbulls.com/SignalPage.aspx?lang=en&Ticker=ACAD.ST
MQ.ST;https://www.swedishbulls.com/SignalPage.aspx?lang=en&Ticker=MQ.ST;156.93;https://www.swedishbulls.com/SignalPage.aspx?lang=en&Ticker=MQ.ST
PREV-B.ST;https://www.swedishbulls.com/SignalPage.aspx?lang=en&Ticker=PREV-B.ST;156.6;https://www.swedishbulls.com/SignalPage.aspx?lang=en&Ticker=PREV-B.ST
TIEN.ST;https://www.swedishbulls.com/SignalPage.aspx?lang=en&Ticker=TIEN.ST;156.46;https://www.swedishbulls.com/SignalPage.aspx?lang=en&Ticker=TIEN.ST
PLAZ-B.ST;https://www.swedishbulls.com/SignalPage.aspx?lang=en&Ticker=PLAZ-B.ST;155.97;https://www.swedishbulls.com/SignalPage.aspx?lang=en&Ticker=PLAZ-B.ST
TEL2-B.ST;https://www.swedishbulls.com/SignalPage.aspx?lang=en&Ticker=TEL2-B.ST;155.76;https://www.swedishbulls.com/SignalPage.aspx?lang=en&Ticker=TEL2-B.ST
NOKIA-SEK.ST;https://www.swedishbulls.com/SignalPage.aspx?lang=en&Ticker=NOKIA-SEK.ST;155.58;https://www.swedishbulls.com/SignalPage.aspx?lang=en&Ticker=NOKIA-SEK.ST
ALFA.ST;https://www.swedishbulls.com/SignalPage.aspx?lang=en&Ticker=ALFA.ST;155.41;https://www.swedishbulls.com/SignalPage.aspx?lang=en&Ticker=ALFA.ST
HEXA-B.ST;https://www.swedishbulls.com/SignalPage.aspx?lang=en&Ticker=HEXA-B.ST;154.87;https://www.swedishbulls.com/SignalPage.aspx?lang=en&Ticker=HEXA-B.ST
SHB-A.ST;https://www.swedishbulls.com/SignalPage.aspx?lang=en&Ticker=SHB-A.ST;154.61;https://www.swedishbulls.com/SignalPage.aspx?lang=en&Ticker=SHB-A.ST
CCOR-B.ST;https://www.swedishbulls.com/SignalPage.aspx?lang=en&Ticker=CCOR-B.ST;154.06;https://www.swedishbulls.com/SignalPage.aspx?lang=en&Ticker=CCOR-B.ST
AMAST.ST;https://www.swedishbulls.com/SignalPage.aspx?lang=en&Ticker=AMAST.ST;153.55;https://www.swedishbulls.com/SignalPage.aspx?lang=en&Ticker=AMAST.ST
EAST.ST;https://www.swedishbulls.com/SignalPage.aspx?lang=en&Ticker=EAST.ST;153.48;https://www.swedishbulls.com/SignalPage.aspx?lang=en&Ticker=EAST.ST
XACT.ST;https://www.swedishbulls.com/SignalPage.aspx?lang=en&Ticker=XACT.ST;153.09;https://www.swedishbulls.com/SignalPage.aspx?lang=en&Ticker=XACT.ST
ERIC-B.ST;https://www.swedishbulls.com/SignalPage.aspx?lang=en&Ticker=ERIC-B.ST;153.01;https://www.swedishbulls.com/SignalPage.aspx?lang=en&Ticker=ERIC-B.ST
BELE.ST;https://www.swedishbulls.com/SignalPage.aspx?lang=en&Ticker=BELE.ST;152.86;https://www.swedishbulls.com/SignalPage.aspx?lang=en&Ticker=BELE.ST
ATCO-A.ST;https://www.swedishbulls.com/SignalPage.aspx?lang=en&Ticker=ATCO-A.ST;152.19;https://www.swedishbulls.com/SignalPage.aspx?lang=en&Ticker=ATCO-A.ST
SOBI.ST;https://www.swedishbulls.com/SignalPage.aspx?lang=en&Ticker=SOBI.ST;152.17;https://www.swedishbulls.com/SignalPage.aspx?lang=en&Ticker=SOBI.ST
MAHA-A.ST;https://www.swedishbulls.com/SignalPage.aspx?lang=en&Ticker=MAHA-A.ST;152.07;https://www.swedishbulls.com/SignalPage.aspx?lang=en&Ticker=MAHA-A.ST
SVED-B.ST;https://www.swedishbulls.com/SignalPage.aspx?lang=en&Ticker=SVED-B.ST;152.01;https://www.swedishbulls.com/SignalPage.aspx?lang=en&Ticker=SVED-B.ST
SHOT.ST;https://www.swedishbulls.com/SignalPage.aspx?lang=en&Ticker=SHOT.ST;151.19;https://www.swedishbulls.com/SignalPage.aspx?lang=en&Ticker=SHOT.ST
BRE2.ST;https://www.swedishbulls.com/SignalPage.aspx?lang=en&Ticker=BRE2.ST;150.8;https://www.swedishbulls.com/SignalPage.aspx?lang=en&Ticker=BRE2.ST
SCA-A.ST;https://www.swedishbulls.com/SignalPage.aspx?lang=en&Ticker=SCA-A.ST;149.78;https://www.swedishbulls.com/SignalPage.aspx?lang=en&Ticker=SCA-A.ST
GREAT.ST;https://www.swedishbulls.com/SignalPage.aspx?lang=en&Ticker=GREAT.ST;148.51;https://www.swedishbulls.com/SignalPage.aspx?lang=en&Ticker=GREAT.ST
GAPW-B.ST;https://www.swedishbulls.com/SignalPage.aspx?lang=en&Ticker=GAPW-B.ST;148.03;https://www.swedishbulls.com/SignalPage.aspx?lang=en&Ticker=GAPW-B.ST
TALK.ST;https://www.swedishbulls.com/SignalPage.aspx?lang=en&Ticker=TALK.ST;147.14;https://www.swedishbulls.com/SignalPage.aspx?lang=en&Ticker=TALK.ST
PNDX-B.ST;https://www.swedishbulls.com/SignalPage.aspx?lang=en&Ticker=PNDX-B.ST;146.94;https://www.swedishbulls.com/SignalPage.aspx?lang=en&Ticker=PNDX-B.ST
CAPIO.ST;https://www.swedishbulls.com/SignalPage.aspx?lang=en&Ticker=CAPIO.ST;146.77;https://www.swedishbulls.com/SignalPage.aspx?lang=en&Ticker=CAPIO.ST
BMAX.ST;https://www.swedishbulls.com/SignalPage.aspx?lang=en&Ticker=BMAX.ST;146.56;https://www.swedishbulls.com/SignalPage.aspx?lang=en&Ticker=BMAX.ST
GTAB%20B;https://www.swedishbulls.com/SignalPage.aspx?lang=en&Ticker=GTAB%20B;146.2;https://www.swedishbulls.com/SignalPage.aspx?lang=en&Ticker=GTAB%20B
RROS.ST;https://www.swedishbulls.com/SignalPage.aspx?lang=en&Ticker=RROS.ST;146.16;https://www.swedishbulls.com/SignalPage.aspx?lang=en&Ticker=RROS.ST
THULE.ST;https://www.swedishbulls.com/SignalPage.aspx?lang=en&Ticker=THULE.ST;146.13;https://www.swedishbulls.com/SignalPage.aspx?lang=en&Ticker=THULE.ST
CLX.ST;https://www.swedishbulls.com/SignalPage.aspx?lang=en&Ticker=CLX.ST;145.85;https://www.swedishbulls.com/SignalPage.aspx?lang=en&Ticker=CLX.ST
DMYD-B.ST;https://www.swedishbulls.com/SignalPage.aspx?lang=en&Ticker=DMYD-B.ST;145.7;https://www.swedishbulls.com/SignalPage.aspx?lang=en&Ticker=DMYD-B.ST
GUNN.ST;https://www.swedishbulls.com/SignalPage.aspx?lang=en&Ticker=GUNN.ST;145.02;https://www.swedishbulls.com/SignalPage.aspx?lang=en&Ticker=GUNN.ST
HOYLU.ST;https://www.swedishbulls.com/SignalPage.aspx?lang=en&Ticker=HOYLU.ST;144.8;https://www.swedishbulls.com/SignalPage.aspx?lang=en&Ticker=HOYLU.ST
HUFV-A.ST;https://www.swedishbulls.com/SignalPage.aspx?lang=en&Ticker=HUFV-A.ST;144.77;https://www.swedishbulls.com/SignalPage.aspx?lang=en&Ticker=HUFV-A.ST
NP3.ST;https://www.swedishbulls.com/SignalPage.aspx?lang=en&Ticker=NP3.ST;143.84;https://www.swedishbulls.com/SignalPage.aspx?lang=en&Ticker=NP3.ST
XBRANE.ST;https://www.swedishbulls.com/SignalPage.aspx?lang=en&Ticker=XBRANE.ST;143.42;https://www.swedishbulls.com/SignalPage.aspx?lang=en&Ticker=XBRANE.ST
GETI-B.ST;https://www.swedishbulls.com/SignalPage.aspx?lang=en&Ticker=GETI-B.ST;143.04;https://www.swedishbulls.com/SignalPage.aspx?lang=en&Ticker=GETI-B.ST
KLED.ST;https://www.swedishbulls.com/SignalPage.aspx?lang=en&Ticker=KLED.ST;142.7;https://www.swedishbulls.com/SignalPage.aspx?lang=en&Ticker=KLED.ST
CYXO.ST;https://www.swedishbulls.com/SignalPage.aspx?lang=en&Ticker=CYXO.ST;141.92;https://www.swedishbulls.com/SignalPage.aspx?lang=en&Ticker=CYXO.ST
SHB-B.ST;https://www.swedishbulls.com/SignalPage.aspx?lang=en&Ticker=SHB-B.ST;141.14;https://www.swedishbulls.com/SignalPage.aspx?lang=en&Ticker=SHB-B.ST
ALLG-B.ST;https://www.swedishbulls.com/SignalPage.aspx?lang=en&Ticker=ALLG-B.ST;141.13;https://www.swedishbulls.com/SignalPage.aspx?lang=en&Ticker=ALLG-B.ST
MSON-A.ST;https://www.swedishbulls.com/SignalPage.aspx?lang=en&Ticker=MSON-A.ST;140.42;https://www.swedishbulls.com/SignalPage.aspx?lang=en&Ticker=MSON-A.ST
AGES-B.ST;https://www.swedishbulls.com/SignalPage.aspx?lang=en&Ticker=AGES-B.ST;140.35;https://www.swedishbulls.com/SignalPage.aspx?lang=en&Ticker=AGES-B.ST
AUTO.ST;https://www.swedishbulls.com/SignalPage.aspx?lang=en&Ticker=AUTO.ST;140.19;https://www.swedishbulls.com/SignalPage.aspx?lang=en&Ticker=AUTO.ST
CLA-B.ST;https://www.swedishbulls.com/SignalPage.aspx?lang=en&Ticker=CLA-B.ST;139.93;https://www.swedishbulls.com/SignalPage.aspx?lang=en&Ticker=CLA-B.ST
SKA-B.ST;https://www.swedishbulls.com/SignalPage.aspx?lang=en&Ticker=SKA-B.ST;139.63;https://www.swedishbulls.com/SignalPage.aspx?lang=en&Ticker=SKA-B.ST
HM-B.ST;https://www.swedishbulls.com/SignalPage.aspx?lang=en&Ticker=HM-B.ST;139.38;https://www.swedishbulls.com/SignalPage.aspx?lang=en&Ticker=HM-B.ST
NGS.ST;https://www.swedishbulls.com/SignalPage.aspx?lang=en&Ticker=NGS.ST;139.23;https://www.swedishbulls.com/SignalPage.aspx?lang=en&Ticker=NGS.ST
CFISH.ST;https://www.swedishbulls.com/SignalPage.aspx?lang=en&Ticker=CFISH.ST;138.08;https://www.swedishbulls.com/SignalPage.aspx?lang=en&Ticker=CFISH.ST
SWED-A.ST;https://www.swedishbulls.com/SignalPage.aspx?lang=en&Ticker=SWED-A.ST;138;https://www.swedishbulls.com/SignalPage.aspx?lang=en&Ticker=SWED-A.ST
DDM.ST;https://www.swedishbulls.com/SignalPage.aspx?lang=en&Ticker=DDM.ST;137.86;https://www.swedishbulls.com/SignalPage.aspx?lang=en&Ticker=DDM.ST
AXIC-A.ST;https://www.swedishbulls.com/SignalPage.aspx?lang=en&Ticker=AXIC-A.ST;137.11;https://www.swedishbulls.com/SignalPage.aspx?lang=en&Ticker=AXIC-A.ST
ICA.ST;https://www.swedishbulls.com/SignalPage.aspx?lang=en&Ticker=ICA.ST;136.47;https://www.swedishbulls.com/SignalPage.aspx?lang=en&Ticker=ICA.ST
FIRE.ST;https://www.swedishbulls.com/SignalPage.aspx?lang=en&Ticker=FIRE.ST;136.37;https://www.swedishbulls.com/SignalPage.aspx?lang=en&Ticker=FIRE.ST
GPX.ST;https://www.swedishbulls.com/SignalPage.aspx?lang=en&Ticker=GPX.ST;136.06;https://www.swedishbulls.com/SignalPage.aspx?lang=en&Ticker=GPX.ST
XACT-SMABOLAG.ST;https://www.swedishbulls.com/SignalPage.aspx?lang=en&Ticker=XACT-SMABOLAG.ST;135.63;https://www.swedishbulls.com/SignalPage.aspx?lang=en&Ticker=XACT-SMABOLAG.ST
TGATE.NGM;https://www.swedishbulls.com/SignalPage.aspx?lang=en&Ticker=TGATE.NGM;135.62;https://www.swedishbulls.com/SignalPage.aspx?lang=en&Ticker=TGATE.NGM
SJR-B.ST;https://www.swedishbulls.com/SignalPage.aspx?lang=en&Ticker=SJR-B.ST;135.49;https://www.swedishbulls.com/SignalPage.aspx?lang=en&Ticker=SJR-B.ST
AXFO.ST;https://www.swedishbulls.com/SignalPage.aspx?lang=en&Ticker=AXFO.ST;135.2;https://www.swedishbulls.com/SignalPage.aspx?lang=en&Ticker=AXFO.ST
SCA-B.ST;https://www.swedishbulls.com/SignalPage.aspx?lang=en&Ticker=SCA-B.ST;134.35;https://www.swedishbulls.com/SignalPage.aspx?lang=en&Ticker=SCA-B.ST
SCST.ST;https://www.swedishbulls.com/SignalPage.aspx?lang=en&Ticker=SCST.ST;133.85;https://www.swedishbulls.com/SignalPage.aspx?lang=en&Ticker=SCST.ST
ASSA-B.ST;https://www.swedishbulls.com/SignalPage.aspx?lang=en&Ticker=ASSA-B.ST;133.84;https://www.swedishbulls.com/SignalPage.aspx?lang=en&Ticker=ASSA-B.ST
AAC-TO1.ST;https://www.swedishbulls.com/SignalPage.aspx?lang=en&Ticker=AAC-TO1.ST;133.41;https://www.swedishbulls.com/SignalPage.aspx?lang=en&Ticker=AAC-TO1.ST
NICKE.NGM;https://www.swedishbulls.com/SignalPage.aspx?lang=en&Ticker=NICKE.NGM;132.91;https://www.swedishbulls.com/SignalPage.aspx?lang=en&Ticker=NICKE.NGM
XSPX.ST;https://www.swedishbulls.com/SignalPage.aspx?lang=en&Ticker=XSPX.ST;132.37;https://www.swedishbulls.com/SignalPage.aspx?lang=en&Ticker=XSPX.ST
DIOS.ST;https://www.swedishbulls.com/SignalPage.aspx?lang=en&Ticker=DIOS.ST;132.12;https://www.swedishbulls.com/SignalPage.aspx?lang=en&Ticker=DIOS.ST
HOLM-A.ST;https://www.swedishbulls.com/SignalPage.aspx?lang=en&Ticker=HOLM-A.ST;132.06;https://www.swedishbulls.com/SignalPage.aspx?lang=en&Ticker=HOLM-A.ST
MINEST.ST;https://www.swedishbulls.com/SignalPage.aspx?lang=en&Ticker=MINEST.ST;131.89;https://www.swedishbulls.com/SignalPage.aspx?lang=en&Ticker=MINEST.ST
SWMA.ST;https://www.swedishbulls.com/SignalPage.aspx?lang=en&Ticker=SWMA.ST;130.39;https://www.swedishbulls.com/SignalPage.aspx?lang=en&Ticker=SWMA.ST
ELOS-B.ST;https://www.swedishbulls.com/SignalPage.aspx?lang=en&Ticker=ELOS-B.ST;130.3;https://www.swedishbulls.com/SignalPage.aspx?lang=en&Ticker=ELOS-B.ST
AMAST-PREF.ST;https://www.swedishbulls.com/SignalPage.aspx?lang=en&Ticker=AMAST-PREF.ST;130.06;https://www.swedishbulls.com/SignalPage.aspx?lang=en&Ticker=AMAST-PREF.ST
ALCA.ST;https://www.swedishbulls.com/SignalPage.aspx?lang=en&Ticker=ALCA.ST;129.58;https://www.swedishbulls.com/SignalPage.aspx?lang=en&Ticker=ALCA.ST
SEB-A.ST;https://www.swedishbulls.com/SignalPage.aspx?lang=en&Ticker=SEB-A.ST;129.57;https://www.swedishbulls.com/SignalPage.aspx?lang=en&Ticker=SEB-A.ST
HEIM-PREF.ST;https://www.swedishbulls.com/SignalPage.aspx?lang=en&Ticker=HEIM-PREF.ST;129.17;https://www.swedishbulls.com/SignalPage.aspx?lang=en&Ticker=HEIM-PREF.ST
EDGE.ST;https://www.swedishbulls.com/SignalPage.aspx?lang=en&Ticker=EDGE.ST;128.45;https://www.swedishbulls.com/SignalPage.aspx?lang=en&Ticker=EDGE.ST
MEAB-B.ST;https://www.swedishbulls.com/SignalPage.aspx?lang=en&Ticker=MEAB-B.ST;127.9;https://www.swedishbulls.com/SignalPage.aspx?lang=en&Ticker=MEAB-B.ST
ERIC-A.ST;https://www.swedishbulls.com/SignalPage.aspx?lang=en&Ticker=ERIC-A.ST;127.83;https://www.swedishbulls.com/SignalPage.aspx?lang=en&Ticker=ERIC-A.ST
SONE.ST;https://www.swedishbulls.com/SignalPage.aspx?lang=en&Ticker=SONE.ST;127.73;https://www.swedishbulls.com/SignalPage.aspx?lang=en&Ticker=SONE.ST
IPCO.ST;https://www.swedishbulls.com/SignalPage.aspx?lang=en&Ticker=IPCO.ST;127.54;https://www.swedishbulls.com/SignalPage.aspx?lang=en&Ticker=IPCO.ST
CATE.ST;https://www.swedishbulls.com/SignalPage.aspx?lang=en&Ticker=CATE.ST;127.47;https://www.swedishbulls.com/SignalPage.aspx?lang=en&Ticker=CATE.ST
SOF-B.ST;https://www.swedishbulls.com/SignalPage.aspx?lang=en&Ticker=SOF-B.ST;126.89;https://www.swedishbulls.com/SignalPage.aspx?lang=en&Ticker=SOF-B.ST
HIFA-B.ST;https://www.swedishbulls.com/SignalPage.aspx?lang=en&Ticker=HIFA-B.ST;126.7;https://www.swedishbulls.com/SignalPage.aspx?lang=en&Ticker=HIFA-B.ST
CORE-PREF.ST;https://www.swedishbulls.com/SignalPage.aspx?lang=en&Ticker=CORE-PREF.ST;126.65;https://www.swedishbulls.com/SignalPage.aspx?lang=en&Ticker=CORE-PREF.ST
KLOV-PREF.ST;https://www.swedishbulls.com/SignalPage.aspx?lang=en&Ticker=KLOV-PREF.ST;126.45;https://www.swedishbulls.com/SignalPage.aspx?lang=en&Ticker=KLOV-PREF.ST
CAT-A.ST;https://www.swedishbulls.com/SignalPage.aspx?lang=en&Ticker=CAT-A.ST;126.16;https://www.swedishbulls.com/SignalPage.aspx?lang=en&Ticker=CAT-A.ST
SEYE.ST;https://www.swedishbulls.com/SignalPage.aspx?lang=en&Ticker=SEYE.ST;125.28;https://www.swedishbulls.com/SignalPage.aspx?lang=en&Ticker=SEYE.ST
RTC.ST;https://www.swedishbulls.com/SignalPage.aspx?lang=en&Ticker=RTC.ST;124.4;https://www.swedishbulls.com/SignalPage.aspx?lang=en&Ticker=RTC.ST
GAPW-TO-1B.ST;https://www.swedishbulls.com/SignalPage.aspx?lang=en&Ticker=GAPW-TO-1B.ST;124.3;https://www.swedishbulls.com/SignalPage.aspx?lang=en&Ticker=GAPW-TO-1B.ST
BONAV-B.ST;https://www.swedishbulls.com/SignalPage.aspx?lang=en&Ticker=BONAV-B.ST;124.03;https://www.swedishbulls.com/SignalPage.aspx?lang=en&Ticker=BONAV-B.ST
PRCO-B.ST;https://www.swedishbulls.com/SignalPage.aspx?lang=en&Ticker=PRCO-B.ST;123.91;https://www.swedishbulls.com/SignalPage.aspx?lang=en&Ticker=PRCO-B.ST
XACT-NORDEN-30.ST;https://www.swedishbulls.com/SignalPage.aspx?lang=en&Ticker=XACT-NORDEN-30.ST;123.64;https://www.swedishbulls.com/SignalPage.aspx?lang=en&Ticker=XACT-NORDEN-30.ST
AKEL-PREF.ST;https://www.swedishbulls.com/SignalPage.aspx?lang=en&Ticker=AKEL-PREF.ST;123.34;https://www.swedishbulls.com/SignalPage.aspx?lang=en&Ticker=AKEL-PREF.ST
ISR.ST;https://www.swedishbulls.com/SignalPage.aspx?lang=en&Ticker=ISR.ST;122.95;https://www.swedishbulls.com/SignalPage.aspx?lang=en&Ticker=ISR.ST
FIL.ST;https://www.swedishbulls.com/SignalPage.aspx?lang=en&Ticker=FIL.ST;122.75;https://www.swedishbulls.com/SignalPage.aspx?lang=en&Ticker=FIL.ST
SRNKE-B.ST;https://www.swedishbulls.com/SignalPage.aspx?lang=en&Ticker=SRNKE-B.ST;122.58;https://www.swedishbulls.com/SignalPage.aspx?lang=en&Ticker=SRNKE-B.ST
SYSR.ST;https://www.swedishbulls.com/SignalPage.aspx?lang=en&Ticker=SYSR.ST;122.03;https://www.swedishbulls.com/SignalPage.aspx?lang=en&Ticker=SYSR.ST
BALD-PREF.ST;https://www.swedishbulls.com/SignalPage.aspx?lang=en&Ticker=BALD-PREF.ST;121.97;https://www.swedishbulls.com/SignalPage.aspx?lang=en&Ticker=BALD-PREF.ST
MANTEX.ST;https://www.swedishbulls.com/SignalPage.aspx?lang=en&Ticker=MANTEX.ST;121.47;https://www.swedishbulls.com/SignalPage.aspx?lang=en&Ticker=MANTEX.ST
ADDERA.ST;https://www.swedishbulls.com/SignalPage.aspx?lang=en&Ticker=ADDERA.ST;121.34;https://www.swedishbulls.com/SignalPage.aspx?lang=en&Ticker=ADDERA.ST
GUGEO.NGM;https://www.swedishbulls.com/SignalPage.aspx?lang=en&Ticker=GUGEO.NGM;121.01;https://www.swedishbulls.com/SignalPage.aspx?lang=en&Ticker=GUGEO.NGM
HEMF-PREF.ST;https://www.swedishbulls.com/SignalPage.aspx?lang=en&Ticker=HEMF-PREF.ST;120.35;https://www.swedishbulls.com/SignalPage.aspx?lang=en&Ticker=HEMF-PREF.ST
HUM.ST;https://www.swedishbulls.com/SignalPage.aspx?lang=en&Ticker=HUM.ST;120.1;https://www.swedishbulls.com/SignalPage.aspx?lang=en&Ticker=HUM.ST
VICP-PREF.ST;https://www.swedishbulls.com/SignalPage.aspx?lang=en&Ticker=VICP-PREF.ST;119.92;https://www.swedishbulls.com/SignalPage.aspx?lang=en&Ticker=VICP-PREF.ST
ORGC.ST;https://www.swedishbulls.com/SignalPage.aspx?lang=en&Ticker=ORGC.ST;119.76;https://www.swedishbulls.com/SignalPage.aspx?lang=en&Ticker=ORGC.ST
XMWO.ST;https://www.swedishbulls.com/SignalPage.aspx?lang=en&Ticker=XMWO.ST;119.61;https://www.swedishbulls.com/SignalPage.aspx?lang=en&Ticker=XMWO.ST
SAGA-PREF.ST;https://www.swedishbulls.com/SignalPage.aspx?lang=en&Ticker=SAGA-PREF.ST;119.29;https://www.swedishbulls.com/SignalPage.aspx?lang=en&Ticker=SAGA-PREF.ST
BONAV-A.ST;https://www.swedishbulls.com/SignalPage.aspx?lang=en&Ticker=BONAV-A.ST;119.16;https://www.swedishbulls.com/SignalPage.aspx?lang=en&Ticker=BONAV-A.ST
XMEM.ST;https://www.swedishbulls.com/SignalPage.aspx?lang=en&Ticker=XMEM.ST;119.03;https://www.swedishbulls.com/SignalPage.aspx?lang=en&Ticker=XMEM.ST
UFLX-B.ST;https://www.swedishbulls.com/SignalPage.aspx?lang=en&Ticker=UFLX-B.ST;118.84;https://www.swedishbulls.com/SignalPage.aspx?lang=en&Ticker=UFLX-B.ST
B3IT.ST;https://www.swedishbulls.com/SignalPage.aspx?lang=en&Ticker=B3IT.ST;118.74;https://www.swedishbulls.com/SignalPage.aspx?lang=en&Ticker=B3IT.ST
CLEMO.ST;https://www.swedishbulls.com/SignalPage.aspx?lang=en&Ticker=CLEMO.ST;118.15;https://www.swedishbulls.com/SignalPage.aspx?lang=en&Ticker=CLEMO.ST
VOLO.ST;https://www.swedishbulls.com/SignalPage.aspx?lang=en&Ticker=VOLO.ST;118.06;https://www.swedishbulls.com/SignalPage.aspx?lang=en&Ticker=VOLO.ST
XACT-BEAR.ST;https://www.swedishbulls.com/SignalPage.aspx?lang=en&Ticker=XACT-BEAR.ST;117.85;https://www.swedishbulls.com/SignalPage.aspx?lang=en&Ticker=XACT-BEAR.ST
CHRO.ST;https://www.swedishbulls.com/SignalPage.aspx?lang=en&Ticker=CHRO.ST;117.3;https://www.swedishbulls.com/SignalPage.aspx?lang=en&Ticker=CHRO.ST
DUST.ST;https://www.swedishbulls.com/SignalPage.aspx?lang=en&Ticker=DUST.ST;117.04;https://www.swedishbulls.com/SignalPage.aspx?lang=en&Ticker=DUST.ST
AIK-B.NGM;https://www.swedishbulls.com/SignalPage.aspx?lang=en&Ticker=AIK-B.NGM;115.98;https://www.swedishbulls.com/SignalPage.aspx?lang=en&Ticker=AIK-B.NGM
POOL-B.ST;https://www.swedishbulls.com/SignalPage.aspx?lang=en&Ticker=POOL-B.ST;115.77;https://www.swedishbulls.com/SignalPage.aspx?lang=en&Ticker=POOL-B.ST
66669.ST;https://www.swedishbulls.com/SignalPage.aspx?lang=en&Ticker=66669.ST;115.75;https://www.swedishbulls.com/SignalPage.aspx?lang=en&Ticker=66669.ST
POLYG.ST;https://www.swedishbulls.com/SignalPage.aspx?lang=en&Ticker=POLYG.ST;115.53;https://www.swedishbulls.com/SignalPage.aspx?lang=en&Ticker=POLYG.ST
IVACC.ST;https://www.swedishbulls.com/SignalPage.aspx?lang=en&Ticker=IVACC.ST;114.63;https://www.swedishbulls.com/SignalPage.aspx?lang=en&Ticker=IVACC.ST
PDX.ST;https://www.swedishbulls.com/SignalPage.aspx?lang=en&Ticker=PDX.ST;114.63;https://www.swedishbulls.com/SignalPage.aspx?lang=en&Ticker=PDX.ST
MPI.ST;https://www.swedishbulls.com/SignalPage.aspx?lang=en&Ticker=MPI.ST;114.56;https://www.swedishbulls.com/SignalPage.aspx?lang=en&Ticker=MPI.ST
K2A-PREF.ST;https://www.swedishbulls.com/SignalPage.aspx?lang=en&Ticker=K2A-PREF.ST;113.59;https://www.swedishbulls.com/SignalPage.aspx?lang=en&Ticker=K2A-PREF.ST
BRG-B.ST;https://www.swedishbulls.com/SignalPage.aspx?lang=en&Ticker=BRG-B.ST;113.36;https://www.swedishbulls.com/SignalPage.aspx?lang=en&Ticker=BRG-B.ST
BTS-B.ST;https://www.swedishbulls.com/SignalPage.aspx?lang=en&Ticker=BTS-B.ST;113.08;https://www.swedishbulls.com/SignalPage.aspx?lang=en&Ticker=BTS-B.ST
SDIP-PREF.ST;https://www.swedishbulls.com/SignalPage.aspx?lang=en&Ticker=SDIP-PREF.ST;113.07;https://www.swedishbulls.com/SignalPage.aspx?lang=en&Ticker=SDIP-PREF.ST
KAPIAB.ST;https://www.swedishbulls.com/SignalPage.aspx?lang=en&Ticker=KAPIAB.ST;112.24;https://www.swedishbulls.com/SignalPage.aspx?lang=en&Ticker=KAPIAB.ST
MIPS.ST;https://www.swedishbulls.com/SignalPage.aspx?lang=en&Ticker=MIPS.ST;112.16;https://www.swedishbulls.com/SignalPage.aspx?lang=en&Ticker=MIPS.ST
INDEX.ST;https://www.swedishbulls.com/SignalPage.aspx?lang=en&Ticker=INDEX.ST;111.31;https://www.swedishbulls.com/SignalPage.aspx?lang=en&Ticker=INDEX.ST
TLSN.ST;https://www.swedishbulls.com/SignalPage.aspx?lang=en&Ticker=TLSN.ST;111.1;https://www.swedishbulls.com/SignalPage.aspx?lang=en&Ticker=TLSN.ST
TFBANK.ST;https://www.swedishbulls.com/SignalPage.aspx?lang=en&Ticker=TFBANK.ST;110.72;https://www.swedishbulls.com/SignalPage.aspx?lang=en&Ticker=TFBANK.ST
MTG-A.ST;https://www.swedishbulls.com/SignalPage.aspx?lang=en&Ticker=MTG-A.ST;110.52;https://www.swedishbulls.com/SignalPage.aspx?lang=en&Ticker=MTG-A.ST
VOLO-PREF.ST;https://www.swedishbulls.com/SignalPage.aspx?lang=en&Ticker=VOLO-PREF.ST;108.77;https://www.swedishbulls.com/SignalPage.aspx?lang=en&Ticker=VOLO-PREF.ST
BRIN-B.ST;https://www.swedishbulls.com/SignalPage.aspx?lang=en&Ticker=BRIN-B.ST;108.52;https://www.swedishbulls.com/SignalPage.aspx?lang=en&Ticker=BRIN-B.ST
ENG.ST;https://www.swedishbulls.com/SignalPage.aspx?lang=en&Ticker=ENG.ST;108.03;https://www.swedishbulls.com/SignalPage.aspx?lang=en&Ticker=ENG.ST
BRAV.ST;https://www.swedishbulls.com/SignalPage.aspx?lang=en&Ticker=BRAV.ST;107.83;https://www.swedishbulls.com/SignalPage.aspx?lang=en&Ticker=BRAV.ST
AHSL.ST;https://www.swedishbulls.com/SignalPage.aspx?lang=en&Ticker=AHSL.ST;107.23;https://www.swedishbulls.com/SignalPage.aspx?lang=en&Ticker=AHSL.ST
MULT.NGM;https://www.swedishbulls.com/SignalPage.aspx?lang=en&Ticker=MULT.NGM;107.07;https://www.swedishbulls.com/SignalPage.aspx?lang=en&Ticker=MULT.NGM
SECI.ST;https://www.swedishbulls.com/SignalPage.aspx?lang=en&Ticker=SECI.ST;107.03;https://www.swedishbulls.com/SignalPage.aspx?lang=en&Ticker=SECI.ST
SAS-PREF.ST;https://www.swedishbulls.com/SignalPage.aspx?lang=en&Ticker=SAS-PREF.ST;106.47;https://www.swedishbulls.com/SignalPage.aspx?lang=en&Ticker=SAS-PREF.ST
AAC.ST;https://www.swedishbulls.com/SignalPage.aspx?lang=en&Ticker=AAC.ST;106.43;https://www.swedishbulls.com/SignalPage.aspx?lang=en&Ticker=AAC.ST
EFFP.ST;https://www.swedishbulls.com/SignalPage.aspx?lang=en&Ticker=EFFP.ST;106.42;https://www.swedishbulls.com/SignalPage.aspx?lang=en&Ticker=EFFP.ST
BIOVIC-B.ST;https://www.swedishbulls.com/SignalPage.aspx?lang=en&Ticker=BIOVIC-B.ST;106.17;https://www.swedishbulls.com/SignalPage.aspx?lang=en&Ticker=BIOVIC-B.ST
NWG.ST;https://www.swedishbulls.com/SignalPage.aspx?lang=en&Ticker=NWG.ST;105.63;https://www.swedishbulls.com/SignalPage.aspx?lang=en&Ticker=NWG.ST
LUMI.ST;https://www.swedishbulls.com/SignalPage.aspx?lang=en&Ticker=LUMI.ST;105.62;https://www.swedishbulls.com/SignalPage.aspx?lang=en&Ticker=LUMI.ST
ZETA-PREF.ST;https://www.swedishbulls.com/SignalPage.aspx?lang=en&Ticker=ZETA-PREF.ST;105.44;https://www.swedishbulls.com/SignalPage.aspx?lang=en&Ticker=ZETA-PREF.ST
AXIS.ST;https://www.swedishbulls.com/SignalPage.aspx?lang=en&Ticker=AXIS.ST;105.36;https://www.swedishbulls.com/SignalPage.aspx?lang=en&Ticker=AXIS.ST
RENT.NGM;https://www.swedishbulls.com/SignalPage.aspx?lang=en&Ticker=RENT.NGM;105.27;https://www.swedishbulls.com/SignalPage.aspx?lang=en&Ticker=RENT.NGM
MATRA.ST;https://www.swedishbulls.com/SignalPage.aspx?lang=en&Ticker=MATRA.ST;105.26;https://www.swedishbulls.com/SignalPage.aspx?lang=en&Ticker=MATRA.ST
HANC-PREF-A.ST;https://www.swedishbulls.com/SignalPage.aspx?lang=en&Ticker=HANC-PREF-A.ST;105.21;https://www.swedishbulls.com/SignalPage.aspx?lang=en&Ticker=HANC-PREF-A.ST
SAGA-D.ST;https://www.swedishbulls.com/SignalPage.aspx?lang=en&Ticker=SAGA-D.ST;105.19;https://www.swedishbulls.com/SignalPage.aspx?lang=en&Ticker=SAGA-D.ST
RISEN.NGM;https://www.swedishbulls.com/SignalPage.aspx?lang=en&Ticker=RISEN.NGM;104.94;https://www.swedishbulls.com/SignalPage.aspx?lang=en&Ticker=RISEN.NGM
TOBIN.ST;https://www.swedishbulls.com/SignalPage.aspx?lang=en&Ticker=TOBIN.ST;104.34;https://www.swedishbulls.com/SignalPage.aspx?lang=en&Ticker=TOBIN.ST
AMBEA.ST;https://www.swedishbulls.com/SignalPage.aspx?lang=en&Ticker=AMBEA.ST;104.18;https://www.swedishbulls.com/SignalPage.aspx?lang=en&Ticker=AMBEA.ST
OLDM.ST;https://www.swedishbulls.com/SignalPage.aspx?lang=en&Ticker=OLDM.ST;103.57;https://www.swedishbulls.com/SignalPage.aspx?lang=en&Ticker=OLDM.ST
BUSER.ST;https://www.swedishbulls.com/SignalPage.aspx?lang=en&Ticker=BUSER.ST;103.2;https://www.swedishbulls.com/SignalPage.aspx?lang=en&Ticker=BUSER.ST
UNIBAP.ST;https://www.swedishbulls.com/SignalPage.aspx?lang=en&Ticker=UNIBAP.ST;102.52;https://www.swedishbulls.com/SignalPage.aspx?lang=en&Ticker=UNIBAP.ST
OP-PREF.ST;https://www.swedishbulls.com/SignalPage.aspx?lang=en&Ticker=OP-PREF.ST;102.47;https://www.swedishbulls.com/SignalPage.aspx?lang=en&Ticker=OP-PREF.ST
TRENT.ST;https://www.swedishbulls.com/SignalPage.aspx?lang=en&Ticker=TRENT.ST;102.32;https://www.swedishbulls.com/SignalPage.aspx?lang=en&Ticker=TRENT.ST
INSTAL.ST;https://www.swedishbulls.com/SignalPage.aspx?lang=en&Ticker=INSTAL.ST;102.12;https://www.swedishbulls.com/SignalPage.aspx?lang=en&Ticker=INSTAL.ST
CBTT-B.ST;https://www.swedishbulls.com/SignalPage.aspx?lang=en&Ticker=CBTT-B.ST;101.95;https://www.swedishbulls.com/SignalPage.aspx?lang=en&Ticker=CBTT-B.ST
SDIP-B.ST;https://www.swedishbulls.com/SignalPage.aspx?lang=en&Ticker=SDIP-B.ST;101.79;https://www.swedishbulls.com/SignalPage.aspx?lang=en&Ticker=SDIP-B.ST
DRIL.ST;https://www.swedishbulls.com/SignalPage.aspx?lang=en&Ticker=DRIL.ST;101.74;https://www.swedishbulls.com/SignalPage.aspx?lang=en&Ticker=DRIL.ST
MTRS.ST;https://www.swedishbulls.com/SignalPage.aspx?lang=en&Ticker=MTRS.ST;101.66;https://www.swedishbulls.com/SignalPage.aspx?lang=en&Ticker=MTRS.ST
BONG.ST;https://www.swedishbulls.com/SignalPage.aspx?lang=en&Ticker=BONG.ST;101.48;https://www.swedishbulls.com/SignalPage.aspx?lang=en&Ticker=BONG.ST
A1M-TO.ST;https://www.swedishbulls.com/SignalPage.aspx?lang=en&Ticker=A1M-TO.ST;101.33;https://www.swedishbulls.com/SignalPage.aspx?lang=en&Ticker=A1M-TO.ST
XMR.ST;https://www.swedishbulls.com/SignalPage.aspx?lang=en&Ticker=XMR.ST;101.3;https://www.swedishbulls.com/SignalPage.aspx?lang=en&Ticker=XMR.ST
AGORA-PREF.ST;https://www.swedishbulls.com/SignalPage.aspx?lang=en&Ticker=AGORA-PREF.ST;101.24;https://www.swedishbulls.com/SignalPage.aspx?lang=en&Ticker=AGORA-PREF.ST
PRLD.NGM;https://www.swedishbulls.com/SignalPage.aspx?lang=en&Ticker=PRLD.NGM;101.04;https://www.swedishbulls.com/SignalPage.aspx?lang=en&Ticker=PRLD.NGM
QUART-PREF.ST;https://www.swedishbulls.com/SignalPage.aspx?lang=en&Ticker=QUART-PREF.ST;100.77;https://www.swedishbulls.com/SignalPage.aspx?lang=en&Ticker=QUART-PREF.ST
SAPIAB.ST;https://www.swedishbulls.com/SignalPage.aspx?lang=en&Ticker=SAPIAB.ST;100.26;https://www.swedishbulls.com/SignalPage.aspx?lang=en&Ticker=SAPIAB.ST
EXPRS2.ST;https://www.swedishbulls.com/SignalPage.aspx?lang=en&Ticker=EXPRS2.ST;100.13;https://www.swedishbulls.com/SignalPage.aspx?lang=en&Ticker=EXPRS2.ST
ELEC.ST;https://www.swedishbulls.com/SignalPage.aspx?lang=en&Ticker=ELEC.ST;99.93;https://www.swedishbulls.com/SignalPage.aspx?lang=en&Ticker=ELEC.ST
BIOS.ST;https://www.swedishbulls.com/SignalPage.aspx?lang=en&Ticker=BIOS.ST;99.85;https://www.swedishbulls.com/SignalPage.aspx?lang=en&Ticker=BIOS.ST
BOOZT.ST;https://www.swedishbulls.com/SignalPage.aspx?lang=en&Ticker=BOOZT.ST;99.85;https://www.swedishbulls.com/SignalPage.aspx?lang=en&Ticker=BOOZT.ST
BRIG-TO3.ST;https://www.swedishbulls.com/SignalPage.aspx?lang=en&Ticker=BRIG-TO3.ST;99.85;https://www.swedishbulls.com/SignalPage.aspx?lang=en&Ticker=BRIG-TO3.ST
ENERS.ST;https://www.swedishbulls.com/SignalPage.aspx?lang=en&Ticker=ENERS.ST;99.85;https://www.swedishbulls.com/SignalPage.aspx?lang=en&Ticker=ENERS.ST
SUSW.ST;https://www.swedishbulls.com/SignalPage.aspx?lang=en&Ticker=SUSW.ST;99.85;https://www.swedishbulls.com/SignalPage.aspx?lang=en&Ticker=SUSW.ST
ZAPLOX.ST;https://www.swedishbulls.com/SignalPage.aspx?lang=en&Ticker=ZAPLOX.ST;99.85;https://www.swedishbulls.com/SignalPage.aspx?lang=en&Ticker=ZAPLOX.ST
FOOT-PREF.ST;https://www.swedishbulls.com/SignalPage.aspx?lang=en&Ticker=FOOT-PREF.ST;99.52;https://www.swedishbulls.com/SignalPage.aspx?lang=en&Ticker=FOOT-PREF.ST
HOGK-PREF-A.ST;https://www.swedishbulls.com/SignalPage.aspx?lang=en&Ticker=HOGK-PREF-A.ST;99.09;https://www.swedishbulls.com/SignalPage.aspx?lang=en&Ticker=HOGK-PREF-A.ST
DIAH.ST;https://www.swedishbulls.com/SignalPage.aspx?lang=en&Ticker=DIAH.ST;99.06;https://www.swedishbulls.com/SignalPage.aspx?lang=en&Ticker=DIAH.ST
NTGRP.NGM;https://www.swedishbulls.com/SignalPage.aspx?lang=en&Ticker=NTGRP.NGM;99.03;https://www.swedishbulls.com/SignalPage.aspx?lang=en&Ticker=NTGRP.NGM
ATIC.ST;https://www.swedishbulls.com/SignalPage.aspx?lang=en&Ticker=ATIC.ST;98.98;https://www.swedishbulls.com/SignalPage.aspx?lang=en&Ticker=ATIC.ST
SECARE.ST;https://www.swedishbulls.com/SignalPage.aspx?lang=en&Ticker=SECARE.ST;98.94;https://www.swedishbulls.com/SignalPage.aspx?lang=en&Ticker=SECARE.ST
GENO.ST;https://www.swedishbulls.com/SignalPage.aspx?lang=en&Ticker=GENO.ST;98.46;https://www.swedishbulls.com/SignalPage.aspx?lang=en&Ticker=GENO.ST
TANGI.ST;https://www.swedishbulls.com/SignalPage.aspx?lang=en&Ticker=TANGI.ST;97.85;https://www.swedishbulls.com/SignalPage.aspx?lang=en&Ticker=TANGI.ST
FPAR-PREF.ST;https://www.swedishbulls.com/SignalPage.aspx?lang=en&Ticker=FPAR-PREF.ST;97.79;https://www.swedishbulls.com/SignalPage.aspx?lang=en&Ticker=FPAR-PREF.ST
MACK-B.ST;https://www.swedishbulls.com/SignalPage.aspx?lang=en&Ticker=MACK-B.ST;97.79;https://www.swedishbulls.com/SignalPage.aspx?lang=en&Ticker=MACK-B.ST
HEBA-B.ST;https://www.swedishbulls.com/SignalPage.aspx?lang=en&Ticker=HEBA-B.ST;97.77;https://www.swedishbulls.com/SignalPage.aspx?lang=en&Ticker=HEBA-B.ST
ABIGR.NGM;https://www.swedishbulls.com/SignalPage.aspx?lang=en&Ticker=ABIGR.NGM;97.37;https://www.swedishbulls.com/SignalPage.aspx?lang=en&Ticker=ABIGR.NGM
MCOV-B.ST;https://www.swedishbulls.com/SignalPage.aspx?lang=en&Ticker=MCOV-B.ST;97.15;https://www.swedishbulls.com/SignalPage.aspx?lang=en&Ticker=MCOV-B.ST
PEGRO-PREF.ST;https://www.swedishbulls.com/SignalPage.aspx?lang=en&Ticker=PEGRO-PREF.ST;96.98;https://www.swedishbulls.com/SignalPage.aspx?lang=en&Ticker=PEGRO-PREF.ST
AVEG-B.ST;https://www.swedishbulls.com/SignalPage.aspx?lang=en&Ticker=AVEG-B.ST;96.82;https://www.swedishbulls.com/SignalPage.aspx?lang=en&Ticker=AVEG-B.ST
ATORX.ST;https://www.swedishbulls.com/SignalPage.aspx?lang=en&Ticker=ATORX.ST;96.71;https://www.swedishbulls.com/SignalPage.aspx?lang=en&Ticker=ATORX.ST
ANNX.ST;https://www.swedishbulls.com/SignalPage.aspx?lang=en&Ticker=ANNX.ST;96.69;https://www.swedishbulls.com/SignalPage.aspx?lang=en&Ticker=ANNX.ST
NHCBHFFS.ST;https://www.swedishbulls.com/SignalPage.aspx?lang=en&Ticker=NHCBHFFS.ST;96.38;https://www.swedishbulls.com/SignalPage.aspx?lang=en&Ticker=NHCBHFFS.ST
NTEK-B.ST;https://www.swedishbulls.com/SignalPage.aspx?lang=en&Ticker=NTEK-B.ST;95.51;https://www.swedishbulls.com/SignalPage.aspx?lang=en&Ticker=NTEK-B.ST
XACTHDIV.ST;https://www.swedishbulls.com/SignalPage.aspx?lang=en&Ticker=XACTHDIV.ST;95.5;https://www.swedishbulls.com/SignalPage.aspx?lang=en&Ticker=XACTHDIV.ST
FMM-B.ST;https://www.swedishbulls.com/SignalPage.aspx?lang=en&Ticker=FMM-B.ST;95.3;https://www.swedishbulls.com/SignalPage.aspx?lang=en&Ticker=FMM-B.ST
ALM-PREF.ST;https://www.swedishbulls.com/SignalPage.aspx?lang=en&Ticker=ALM-PREF.ST;95.03;https://www.swedishbulls.com/SignalPage.aspx?lang=en&Ticker=ALM-PREF.ST
GPG-PREF.ST;https://www.swedishbulls.com/SignalPage.aspx?lang=en&Ticker=GPG-PREF.ST;94.62;https://www.swedishbulls.com/SignalPage.aspx?lang=en&Ticker=GPG-PREF.ST
TCC.ST;https://www.swedishbulls.com/SignalPage.aspx?lang=en&Ticker=TCC.ST;93.81;https://www.swedishbulls.com/SignalPage.aspx?lang=en&Ticker=TCC.ST
SSM.ST;https://www.swedishbulls.com/SignalPage.aspx?lang=en&Ticker=SSM.ST;93.73;https://www.swedishbulls.com/SignalPage.aspx?lang=en&Ticker=SSM.ST
IVISYS.ST;https://www.swedishbulls.com/SignalPage.aspx?lang=en&Ticker=IVISYS.ST;92.74;https://www.swedishbulls.com/SignalPage.aspx?lang=en&Ticker=IVISYS.ST
OP-PREFB.ST;https://www.swedishbulls.com/SignalPage.aspx?lang=en&Ticker=OP-PREFB.ST;92.57;https://www.swedishbulls.com/SignalPage.aspx?lang=en&Ticker=OP-PREFB.ST
MAXF.ST;https://www.swedishbulls.com/SignalPage.aspx?lang=en&Ticker=MAXF.ST;92.52;https://www.swedishbulls.com/SignalPage.aspx?lang=en&Ticker=MAXF.ST
TERRNT-B.ST;https://www.swedishbulls.com/SignalPage.aspx?lang=en&Ticker=TERRNT-B.ST;92.3;https://www.swedishbulls.com/SignalPage.aspx?lang=en&Ticker=TERRNT-B.ST
DEFL-B.ST;https://www.swedishbulls.com/SignalPage.aspx?lang=en&Ticker=DEFL-B.ST;92.15;https://www.swedishbulls.com/SignalPage.aspx?lang=en&Ticker=DEFL-B.ST
ISOFOL.ST;https://www.swedishbulls.com/SignalPage.aspx?lang=en&Ticker=ISOFOL.ST;91.42;https://www.swedishbulls.com/SignalPage.aspx?lang=en&Ticker=ISOFOL.ST
SINT.ST;https://www.swedishbulls.com/SignalPage.aspx?lang=en&Ticker=SINT.ST;91.24;https://www.swedishbulls.com/SignalPage.aspx?lang=en&Ticker=SINT.ST
OBDU-PREF-B.NGM;https://www.swedishbulls.com/SignalPage.aspx?lang=en&Ticker=OBDU-PREF-B.NGM;90.55;https://www.swedishbulls.com/SignalPage.aspx?lang=en&Ticker=OBDU-PREF-B.NGM
BYGGP.ST;https://www.swedishbulls.com/SignalPage.aspx?lang=en&Ticker=BYGGP.ST;90.38;https://www.swedishbulls.com/SignalPage.aspx?lang=en&Ticker=BYGGP.ST
MAXK.ST;https://www.swedishbulls.com/SignalPage.aspx?lang=en&Ticker=MAXK.ST;90.33;https://www.swedishbulls.com/SignalPage.aspx?lang=en&Ticker=MAXK.ST
PALS-B.ST;https://www.swedishbulls.com/SignalPage.aspx?lang=en&Ticker=PALS-B.ST;89.38;https://www.swedishbulls.com/SignalPage.aspx?lang=en&Ticker=PALS-B.ST
NAXS.ST;https://www.swedishbulls.com/SignalPage.aspx?lang=en&Ticker=NAXS.ST;87.39;https://www.swedishbulls.com/SignalPage.aspx?lang=en&Ticker=NAXS.ST
IQSE.NGM;https://www.swedishbulls.com/SignalPage.aspx?lang=en&Ticker=IQSE.NGM;87.25;https://www.swedishbulls.com/SignalPage.aspx?lang=en&Ticker=IQSE.NGM
ADDV-B.ST;https://www.swedishbulls.com/SignalPage.aspx?lang=en&Ticker=ADDV-B.ST;87.19;https://www.swedishbulls.com/SignalPage.aspx?lang=en&Ticker=ADDV-B.ST
KARE.ST;https://www.swedishbulls.com/SignalPage.aspx?lang=en&Ticker=KARE.ST;86.7;https://www.swedishbulls.com/SignalPage.aspx?lang=en&Ticker=KARE.ST
AINO.ST;https://www.swedishbulls.com/SignalPage.aspx?lang=en&Ticker=AINO.ST;85.68;https://www.swedishbulls.com/SignalPage.aspx?lang=en&Ticker=AINO.ST
AERO.ST;https://www.swedishbulls.com/SignalPage.aspx?lang=en&Ticker=AERO.ST;85.42;https://www.swedishbulls.com/SignalPage.aspx?lang=en&Ticker=AERO.ST
MIDW-B.ST;https://www.swedishbulls.com/SignalPage.aspx?lang=en&Ticker=MIDW-B.ST;85.02;https://www.swedishbulls.com/SignalPage.aspx?lang=en&Ticker=MIDW-B.ST
DELARK.ST;https://www.swedishbulls.com/SignalPage.aspx?lang=en&Ticker=DELARK.ST;84.38;https://www.swedishbulls.com/SignalPage.aspx?lang=en&Ticker=DELARK.ST
FRISQ.ST;https://www.swedishbulls.com/SignalPage.aspx?lang=en&Ticker=FRISQ.ST;83.8;https://www.swedishbulls.com/SignalPage.aspx?lang=en&Ticker=FRISQ.ST
CLDRE-B.NGM;https://www.swedishbulls.com/SignalPage.aspx?lang=en&Ticker=CLDRE-B.NGM;82.83;https://www.swedishbulls.com/SignalPage.aspx?lang=en&Ticker=CLDRE-B.NGM
MOMENT.ST;https://www.swedishbulls.com/SignalPage.aspx?lang=en&Ticker=MOMENT.ST;81.83;https://www.swedishbulls.com/SignalPage.aspx?lang=en&Ticker=MOMENT.ST
XESC.ST;https://www.swedishbulls.com/SignalPage.aspx?lang=en&Ticker=XESC.ST;81.56;https://www.swedishbulls.com/SignalPage.aspx?lang=en&Ticker=XESC.ST
ACARIX.ST;https://www.swedishbulls.com/SignalPage.aspx?lang=en&Ticker=ACARIX.ST;81.24;https://www.swedishbulls.com/SignalPage.aspx?lang=en&Ticker=ACARIX.ST
ARCOMA.ST;https://www.swedishbulls.com/SignalPage.aspx?lang=en&Ticker=ARCOMA.ST;79.7;https://www.swedishbulls.com/SignalPage.aspx?lang=en&Ticker=ARCOMA.ST
ALELIO.ST;https://www.swedishbulls.com/SignalPage.aspx?lang=en&Ticker=ALELIO.ST;79.35;https://www.swedishbulls.com/SignalPage.aspx?lang=en&Ticker=ALELIO.ST
HAV-B.ST;https://www.swedishbulls.com/SignalPage.aspx?lang=en&Ticker=HAV-B.ST;78.65;https://www.swedishbulls.com/SignalPage.aspx?lang=en&Ticker=HAV-B.ST
TEONE.ST;https://www.swedishbulls.com/SignalPage.aspx?lang=en&Ticker=TEONE.ST;75.88;https://www.swedishbulls.com/SignalPage.aspx?lang=en&Ticker=TEONE.ST
SARSYS.NGM;https://www.swedishbulls.com/SignalPage.aspx?lang=en&Ticker=SARSYS.NGM;72.19;https://www.swedishbulls.com/SignalPage.aspx?lang=en&Ticker=SARSYS.NGM
LIFE%20B;https://www.swedishbulls.com/SignalPage.aspx?lang=en&Ticker=LIFE%20B;71.14;https://www.swedishbulls.com/SignalPage.aspx?lang=en&Ticker=LIFE%20B
MULQ.ST;https://www.swedishbulls.com/SignalPage.aspx?lang=en&Ticker=MULQ.ST;69.08;https://www.swedishbulls.com/SignalPage.aspx?lang=en&Ticker=MULQ.ST
KDEV.ST;https://www.swedishbulls.com/SignalPage.aspx?lang=en&Ticker=KDEV.ST;67.93;https://www.swedishbulls.com/SignalPage.aspx?lang=en&Ticker=KDEV.ST
INTU.ST;https://www.swedishbulls.com/SignalPage.aspx?lang=en&Ticker=INTU.ST;67.5;https://www.swedishbulls.com/SignalPage.aspx?lang=en&Ticker=INTU.ST
ALELIO-TO-1.ST;https://www.swedishbulls.com/SignalPage.aspx?lang=en&Ticker=ALELIO-TO-1.ST;65.86;https://www.swedishbulls.com/SignalPage.aspx?lang=en&Ticker=ALELIO-TO-1.ST
ULED.NGM;https://www.swedishbulls.com/SignalPage.aspx?lang=en&Ticker=ULED.NGM;57.58;https://www.swedishbulls.com/SignalPage.aspx?lang=en&Ticker=ULED.NGM
ELN.ST;https://www.swedishbulls.com/SignalPage.aspx?lang=en&Ticker=ELN.ST;53.08;https://www.swedishbulls.com/SignalPage.aspx?lang=en&Ticker=ELN.ST
BRIOX.NGM;https://www.swedishbulls.com/SignalPage.aspx?lang=en&Ticker=BRIOX.NGM;47.23;https://www.swedishbulls.com/SignalPage.aspx?lang=en&Ticker=BRIOX.NGM
WESC.ST;https://www.swedishbulls.com/SignalPage.aspx?lang=en&Ticker=WESC.ST;44.31;https://www.swedishbulls.com/SignalPage.aspx?lang=en&Ticker=WESC.ST
TOBIN-PREF.ST;https://www.swedishbulls.com/SignalPage.aspx?lang=en&Ticker=TOBIN-PREF.ST;38.48;https://www.swedishbulls.com/SignalPage.aspx?lang=en&Ticker=TOBIN-PREF.ST
43464.ST;https://www.swedishbulls.com/SignalPage.aspx?lang=en&Ticker=43464.ST;21.49;https://www.swedishbulls.com/SignalPage.aspx?lang=en&Ticker=43464.ST
